25,15,55,unknown,45,35
0.8129566537724133,0.6619377643498122,1.3352967053259628,0.6265802957384314,1.004744898768458,1.0032723893448063
male,female
2.525901817195552,0.0
344,345,346,347,340,341,342,343,348,349,298,299,296,297,294,295,292,293,290,291,199,198,195,194,197,196,191,190,193,192,270,271,272,273,274,275,276,277,278,279,524,525,526,527,520,521,522,523,528,529,449,448,443,442,441,440,447,446,445,444,108,109,102,103,100,101,106,107,104,105,39,38,33,32,31,30,37,36,35,34,438,439,436,437,434,435,432,433,430,431,339,338,335,334,337,336,331,330,333,332,99,98,91,90,93,92,95,94,97,96,551,550,238,239,234,235,236,237,230,231,232,233,146,147,144,145,142,143,140,141,148,149,133,132,131,130,137,136,135,134,494,495,139,138,490,491,492,493,24,25,26,27,20,21,22,23,28,29,407,406,405,404,403,402,401,400,409,408,379,378,371,370,373,372,375,374,377,376,393,392,391,390,397,396,395,394,82,83,399,398,86,87,84,85,245,244,247,246,241,240,243,242,249,248,519,518,511,510,513,512,515,514,517,516,458,459,450,451,452,453,454,455,456,457,179,178,177,176,175,174,173,172,171,170,182,183,180,181,186,187,184,185,188,189,11,10,13,12,15,17,16,19,18,322,323,320,321,326,327,324,325,328,329,201,200,203,202,205,204,207,206,209,208,77,76,75,74,73,72,71,70,79,78,542,543,540,541,546,547,544,545,8,548,549,120,121,122,123,124,125,126,127,128,129,414,415,416,417,410,411,412,413,498,418,419,499,319,318,313,312,311,310,317,316,315,314,496,497,368,369,366,367,364,365,362,363,360,361,380,381,382,383,384,385,386,387,388,389,60,61,62,63,64,65,66,67,68,69,250,251,256,257,254,255,508,509,506,507,504,505,502,503,500,501,469,468,465,464,467,466,461,460,463,462,168,169,164,165,166,167,160,161,162,163,357,356,355,354,353,352,351,350,359,358,216,217,214,215,212,213,210,211,218,219,289,288,281,280,283,282,285,284,287,286,263,262,261,260,267,266,265,264,269,268,59,58,55,54,57,56,51,258,53,52,537,536,535,259,533,532,531,530,539,538,50,115,252,117,116,111,110,113,253,119,118,429,428,534,421,420,423,422,425,424,427,426,308,309,300,301,302,303,304,305,306,307,229,228,227,226,225,224,223,222,221,220,114,88,89,151,150,153,152,155,154,157,156,159,158,112,80,81,48,49,46,47,44,45,42,43,40,41,489,488,487,486,485,484,483,482,481,480,472,473,470,471,476,477,474,475,478,479
0.42098363619925866,0.5051803634391103,1.0524590904981466,0.8419672723985173,0.9622483113125911,1.082529350226665,0.7577705451586655,1.2629509085977761,0.5829004193528197,1.262950908597776,0.7577705451586655,0.42098363619925866,1.515541090317331,0.25259018171955516,0.28065575746617244,0.7577705451586655,1.4734427266974053,1.1226230298646898,0.7577705451586655,1.0524590904981466,0.947213181448332,1.515541090317331,0.7216862334844435,1.3892459994575534,1.0400772188452272,1.4858245983503247,0.7216862334844434,0.473606590724166,0.631475454298888,1.5155410903173312,1.0400772188452272,1.3601009784899125,1.262950908597776,0.9185097517074734,0.6314754542988881,0.8419672723985173,1.0524590904981466,0.0,1.1481371896343417,1.2629509085977761,0.7509437834905696,1.0484875467604178,0.968262363258295,1.224679668943298,1.4925783465246443,1.0400772188452272,0.5703649264635118,0.8008956981351749,1.175245984389597,1.1907822852493315,1.37776462756121,1.1658008387056393,0.947213181448332,0.8419672723985173,0.631475454298888,1.0103607268782206,1.082529350226665,1.082529350226665,1.9846371420822193,0.7577705451586655,1.515541090317331,1.262950908597776,1.0524590904981466,1.420819772172498,1.748701258058459,1.1226230298646898,0.8419672723985173,1.0103607268782206,1.2629509085977761,0.0,0.947213181448332,1.262950908597776,0.5051803634391103,1.0103607268782206,1.515541090317331,0.8419672723985173,0.6314754542988881,1.0524590904981466,0.5613115149323449,1.2629509085977761,1.4032787873308623,0.44574737950509735,1.082529350226665,1.4032787873308623,1.192786969231233,0.7392883367401615,1.3178618176672443,0.9067339856599418,0.7484153532431266,0.866023480181332,1.0400772188452272,0.9883963632504333,0.9185097517074734,1.029071110709299,1.0982181813893703,1.3471476358376278,0.8419672723985173,0.3886002795685465,0.9185097517074734,0.5051803634391104,1.37776462756121,0.8914947590101947,1.0103607268782206,1.894426362896664,0.777200559137093,0.631475454298888,1.082529350226665,0.9715006989213661,1.105082045023054,0.8419672723985173,0.8419672723985173,0.8419672723985173,0.7429122991751623,0.8082885815025767,1.443372466968887,0.5613115149323449,1.0103607268782206,0.5829004193528197,1.515541090317331,1.0103607268782206,2.0207214537564413,1.6839345447970346,0.947213181448332,0.8419672723985173,0.5829004193528197,0.5829004193528197,0.8419672723985173,1.0103607268782206,0.7577705451586655,1.1226230298646898,1.1226230298646898,0.6314754542988881,0.0,0.0,1.894426362896664,0.31573772714944404,0.8419672723985173,0.42098363619925866,0.5051803634391103,0.6314754542988881,0.9822951511316035,0.4592548758537367,1.2629509085977761,1.2629509085977761,1.3294220090502906,0.5613115149323449,1.262950908597776,1.1658008387056393,1.202810389140739,1.1658008387056393,1.0103607268782206,0.777200559137093,0.8419672723985173,0.9185097517074734,1.262950908597776,0.9622483113125911,0.9185097517074734,0.688882313780605,0.4677595957769541,1.262950908597776,0.42098363619925866,1.443372466968887,0.8419672723985173,0.7216862334844435,0.42098363619925866,1.1226230298646898,0.8419672723985173,0.7976532054301744,0.5051803634391103,1.554401118274186,0.8419672723985173,0.7216862334844435,0.42098363619925866,1.57868863574722,1.262950908597776,1.443372466968887,0.42098363619925866,0.7216862334844435,0.6314754542988881,1.8370195034149468,1.1481371896343417,0.8419672723985173,1.1226230298646898,0.5051803634391103,0.8419672723985173,0.6314754542988881,1.082529350226665,0.0,0.7216862334844435,0.25259018171955516,1.2629509085977761,1.894426362896664,1.0103607268782206,0.5051803634391103,0.688882313780605,0.5491090906946852,1.443372466968887,1.082529350226665,0.8148070378050168,1.0103607268782206,1.0103607268782206,1.1577049995479614,0.6314754542988881,0.688882313780605,1.1787541813579243,0.9381921035297763,0.9950522310164295,0.9398704436076472,0.8785745451114964,0.552541022511527,0.9557466335334521,1.262950908597776,1.2194008772668181,0.710409886086249,0.926163999638369,0.5262295452490733,0.7577705451586655,0.9822951511316035,1.4623642099553196,0.9822951511316035,1.0686507688135027,1.2194008772668181,0.8419672723985173,0.7216862334844434,1.0103607268782206,0.0,1.262950908597776,1.2629509085977761,1.443372466968887,0.7577705451586655,1.515541090317331,2.0207214537564413,1.2629509085977761,0.7429122991751623,1.6839345447970346,1.262950908597776,0.8419672723985173,1.443372466968887,0.8419672723985173,1.0103607268782206,1.8042155837111085,1.2629509085977761,0.9021077918555542,0.8419672723985173,1,1.6839345447970346,1.6839345447970346,0.8419672723985173,0.0,0.6314754542988881,0.8419672723985173,0.6314754542988881,0.8419672723985173,1.2629509085977761,1.57868863574722,1.57868863574722,1.403278787330862,0.5051803634391103,0.0,0.5051803634391103,0.28065575746617244,0.0,0.6314754542988881,0.947213181448332,0.8419672723985173,0.5051803634391103,1.262950908597776,0.6314754542988881,1.403278787330862,1.082529350226665,2.5259018171955523,0.8419672723985173,0.7216862334844435,0.6314754542988881,1.1658008387056393,0.0,0.8419672723985173,0.8419672723985173,0.8419672723985173,0.8419672723985173,1.37776462756121,0.5051803634391103,1.4858245983503247,1.2980328782810473,1.0635376072402325,1.0452007519429871,1.1952928242086094,1.403278787330862,0.5051803634391103,1.2898222045253882,1.4313443630774796,1.6839345447970346,1.6839345447970346,1.0103607268782206,1.1577049995479614,1.2629509085977761,0.9715006989213661,0.3886002795685465,0.6314754542988881,0.36084311674222175,1.2629509085977761,1.262950908597776,0.9185097517074734,1.6839345447970346,0.9822951511316035,0.8419672723985173,0.688882313780605,1.443372466968887,0.884065636018443,0.688882313780605,0.4510538959277771,0.631475454298888,0.2971649196700649,0.0,0.7429122991751623,0.7429122991751623,0.36084311674222175,0.701639393665431,0.9093246541903987,0.9581006892810714,1.1226230298646898,0.8419672723985173,0.8419672723985173,1.554401118274186,0.777200559137093,0.5051803634391104,1.420819772172498,0.5317688036201162,1.105082045023054,0.25259018171955516,1.105082045023054,0.7216862334844435,0.8914947590101947,0.8419672723985173,0.8419672723985173,1.4734427266974053,0.9715006989213661,1.202810389140739,0.884065636018443,0.9822951511316035,0.7216862334844434,1.1366558177379982,1.313468944941687,0.6548634340877356,0.926163999638369,0.8419672723985172,1.0686507688135027,0.78934431787361,1.6839345447970346,1.515541090317331,0.8419672723985173,1.0103607268782206,1.0103607268782206,1.0103607268782206,1.0103607268782206,1.2629509085977761,0.9185097517074734,0.5613115149323449,1.6839345447970346,0.5613115149323449,2.104918180996293,0.3886002795685465,1.515541090317331,0.28065575746617244,0.9794313168717446,0.8419672723985173,1.0492207548350754,0.9950522310164295,1.2812545449542654,1.072643237439207,0.997066506787718,1.0672824579699516,0.777200559137093,1.1886596786802597,1.2629509085977761,1.0400772188452272,0.777200559137093,0.777200559137093,0.7976532054301744,1.0103607268782209,0.78934431787361,0.5317688036201162,0.8419672723985173,1.0103607268782206,0.8036960327440392,1.0103607268782209,1.0524590904981466,1.0524590904981466,1.6073920654880784,0.7687527269725593,1.515541090317331,1.262950908597776,0.5613115149323449,0.947213181448332,0.78934431787361,0.8914947590101947,0.9185097517074734,1.6839345447970346,1.1226230298646898,1.1226230298646898,1.262950908597776,1.515541090317331,1.1658008387056396,0.7976532054301744,0.7484153532431266,1.1143684487627434,1.57868863574722,1.105082045023054,0.0,1.1226230298646898,1.443372466968887,0.6314754542988881,0.8914947590101947,0.9185097517074734,1.313468944941687,0.9883963632504333,1.8042155837111085,0.947213181448332,0.5051803634391103,0.0,1.082529350226665,1.2629509085977761,1.1886596786802597,0.8419672723985173,0.5491090906946852,1.1787541813579243,0.5613115149323449,1.262950908597776,1.1577049995479614,0.7216862334844435,0.9185097517074734,0.8419672723985173,1.0635376072402325,1.082529350226665,1.443372466968887,0.8419672723985173,1.262950908597776,1.0103607268782206,0.8419672723985173,1.2629509085977761,0.9185097517074734,0.5051803634391103,0.7216862334844435,1.2629509085977761,0.9272297809958355,1.1313935222855076,1.2964805787375397,1.443372466968887,1.173651349403994,1.208978647546589,0.9581006892810714,0.9523892097622573,1.0052058252104747,0.996130294105288,0.777200559137093,1.2629509085977761,0.42098363619925866,1.8042155837111085,0.8419672723985173,0.947213181448332,0.42098363619925866,0.8419672723985173,1.082529350226665,0.5412646751133325,1.0103607268782206,0.7687527269725593,1.0400772188452272,1.1226230298646898,1.3601009784899125,1.0524590904981466,1.1481371896343417,1.3601009784899125,0.947213181448332,0.36084311674222175,1.1226230298646898,1.1481371896343417,0.5051803634391103,0.7577705451586655,1.443372466968887,0.7577705451586655,1.0103607268782206,0.0,0.7216862334844435,1.082529350226665,1.1481371896343417,0.8419672723985173,0.8419672723985173,0.8419672723985173,1.262950908597776,1.082529350226665,0.8419672723985173,1.6839345447970346,0.5051803634391103,0.8419672723985173,0.5829004193528197,1.0400772188452272,1.2629509085977761,0.5051803634391103,0.0,0.42098363619925866,0.42098363619925866,2.5259018171955523,0.9185097517074734,1.443372466968887,0.8419672723985173,1.515541090317331,0.8419672723985173,0.8419672723985173,0.6314754542988881,1.8042155837111085,1.894426362896664,0.36084311674222175,1.082529350226665,0.8419672723985172,1.1226230298646898,0.7687527269725593,0.5051803634391103,0.8419672723985173,0.947213181448332,1.2629509085977761,0.8419672723985173,0.8419672723985173,0.8419672723985173,1.1366558177379982,1.6344070581853571,1.0333234706709076,0.9021077918555542,0.688882313780605,0.7718033330319741,0.9557466335334521,1.262950908597776,1.0008290219076714,1.262950908597776,0.9622483113125911,1.082529350226665,1.748701258058459,0.9185097517074734,1.262950908597776,1.1226230298646898,0.9021077918555542,0.8036960327440392,1.3418853403851372
25,45,20,10,55,30,50,35,60,0,75,5,40,70,15,65
1.151228328221819,1.0899439348172586,1.2120511238683946,0.9166980953924685,1.6839345447970346,1.2425807326526506,1.221315164358289,1.189736363171818,1.414505017629509,0.8565153030231137,1.105082045023054,0.8718462582954851,1.3326843943485736,0.8419672723985172,1.044262640249031,1.320357768079493
10,45,15,25,55,30,50,35,60,75,5,40,70,20,65
0.9864004880094331,1.1481371896343417,0.9873039285468863,1.0082817953414343,1.8042155837111085,1.1643325756845995,1.3681968176475905,1.192485836444252,0.8419672723985173,2.5259018171955523,0.9260023936359894,1.0547721874003404,0.0,1.084936977360892,0.8419672723985173
25,45,20,10,55,30,50,35,60,0,75,5,40,70,15,100,65,95,80,90,85
1.0460205172386285,1.1924308071024685,1.0223888307696283,1.0139309061251403,1.262950908597776,1.0903173311635477,1.199803363167887,1.1632442579190043,1.2735639414431354,0.8784989102505192,1.3777646275612103,0.8896504460874947,1.1567213929213276,1.5155410903173312,0.9897297407333565,1.262950908597776,1.18094110933818,1.4734427266974053,1.6839345447970346,1.6165771630051533,1.48259454487565
4.5,10.0,1.0,4.0,1.5,5.0,0.0,6.0,0.5,6.5,2.5,7.0,3.5,8.0,3.0,7.5,8.5,2.0,9.0,9.5,5.5
1.1658008387056396,0.5051803634391103,1.0080515339370433,1.0317063760376197,1.0298385587745607,0.8785745451114964,0.991543120217165,0.7484153532431266,0.9516423680015307,1.262950908597776,1.161100028872149,1.105082045023054,0.9777684453660201,0.28065575746617244,1.0256692227400122,0.78934431787361,1.403278787330862,1.086561116894176,1.894426362896664,1.57868863574722,1.3892459994575534
kendte.dk,www.nbc.com,eas4.emediate.eu,www.goodmanga.net,tupalo.com,m.b.dk,exch-eu.atdmt.com,serve.adyielder.com,www.last.fm,www.fdm.dk,sims.wikia.com,www.animefreak.tv,ad.es.doubleclick.net,m.epn.dk,t.nyheder.dk.msn.com,gamersunite.coolchaser.com,ads.lanistaads.com,danielishoj.dk,forum.lro.com,www.alltforforaldrar.se,ad.dc2.adtech.de,www.an.no,www.holdsport.dk,sundhedsguiden.adservinginternational.com,mail2web.com,www.aabsport.dk,apr.lijit.com,www.rcgalleri.dk,stylecaster.com,d5p.de17a.com,www.mediafire.com,nyhederne.tv2.dk,www.comingsoon.net,www.euroman.dk,banner2.landbrugsavisen.dk,www.hegnar.no,funnie.st,ax-d.pixfuture.net,www.onlymyhealth.com,www.damnlol.com,www.enjoydressup.com,porssi.taloussanomat.fi,www.worldsnooker.com,dindebat.dk,www.campingferie.dk,www.lydogbilde.no,bestofdrawsomething.com,costume.dk,www.ni.dk,www.jubii.dk,www.ranker.com,www.sugarscape.com,www.hundegalleri.dk,dagbladetringskjern.dk,www.boligdebatten.dk,www.liverpoolecho.co.uk,www.danmarkskort.dk,allsp.ch,uk.shopping.com,furesoe.lokalavisen.dk,amaliewessel.dk,www.kattegalleri.dk,news.dk,sermitsiaq.ag,pub.weatherbug.com,www.terve.fi,appleinsider.com,myonlinearcade.com,a.komoona.com,www.mama.dk,www.altfordamerne.dk,www.familiejournal.dk,www.vagabond.se,www.nieuwsblad.be,www.rejseliv.dk,baboon.eniro.dk,b.bilen.dk,amalieancher.dk,www.autobild.de,media.x3711.com,www.sodahead.com,portal.opera.com,list25.com,armorgames.com,football-italia.net,nym1.ib.adnxs.com,footy.dk,whatshouldwecallme.tumblr.com,www.gamefaqs.com,www.mandatory.com,www.girlswithslingshots.com,www.picmonkey.com,soundvenueas.adservinginternational.com,www.spilop.dk,www.biltorvet.dk,photo.net,stateofdecay.wikia.com,helenemoeller.bloggersdelight.dk,allrecovering.com,www.madogbolig.dk,spilskyen.tv2.dk,voresborn.dk,passionsforfashion.dk,bannerfactory.bilzonen.dk,lenovo.dk.msn.com,www.iltasanomat.fi,ligabold.dk,ad.de.doubleclick.net,coinmill.com,www.thebikelist.co.uk,svenskanamn.alltforforaldrar.se,www.1881.no,openx.dailyrush.dk,evak.dk,www.ob.dk,www.formspring.me,www.ratebeer.com,beep.tv2.dk,magazine.trendsales.dk,apartmentholstebro.bloggersdelight.dk,mainia.bloggersdelight.dk,sarahlouise.dk,www.agf.dk,bt.brise.dk,gaffa.dk,sportal.spiegel.de,www.in.dk,ameblo.jp,biler.dba.dk,www.mascus.dk,smagsloejer.dk,www.weightgainers.net,t.lenovo13-comm.dk.msn.com,www.blick.ch,automobile.de,dreammoods.com,s-u-s.dk,denkorteavis.dk,ads.pubmatic.com,ads.adcloud.net,www.filehippo.com,samvirke.dk,www.tripadvisor.dk,packardbell.dk.msn.com,www.pricerunner.dk,solmail.redhost.dk,m.bt.dk,data.tbc.tetrisfb.com,digimon.wikia.com,www.cokeandpopcorn.ch,www.prozeny.cz,www.retardo.dk,www.bilbasen.dk,secure.adnxs.com,www.udeoghjemme.dk,admention.adspirit.de,dkira.com,www.festabc.dk,www.itwire.com,www.sydsverige.dk,www.lofotposten.no,www.hjemmet.dk,www.discogs.com,hp-comm.dk.msn.com,www.zoover.dk,makeovr.com,ad.doubleclick.net,altomboern.dk,z13.invisionfree.com,www.google.dk,m.sporten.dk,b.jads.dk,hp.dk.msn.com,jyskemedier.adservinginternational.com,uk-ads.openx.net,www.lauritz.com,livsstil.dk.msn.com,guide.lokalavisen.dk,idachristin.blogg.no,madzilla.blogg.no,ox-social.bidsystem.com,www.sjovforbornpaaferie.dk,www.boliga.dk,www.doodle.com,www.finn.no,t.dk.msn.com,hbl.fi,www.dbu.dk,grp09.ias.rakuten.co.jp,www.dk-kogebogen.dk,start.lenovo.com,www.evo.co.uk,www.sho.dk,frederikssund.lokalavisen.dk,ad1.emediate.dk,m.jyllands-posten.dk,www74.hattrick.org,danskespil.holdet.dk,lax1.ib.adnxs.com,frk.gamib.net,customerservice.boligportal.dk,dk.jobrapido.com,onside.dk,fcbarcelona.dk,www.ovguide.com,ad.wingads.com,t.toshiba13.dk.msn.com,www.examiner.com,robinandersen.bloggersdelight.dk,www.sommerferie.nu,finans.tv2.dk,login.tv2.dk,www.arto.com,web.de,jyllands-posten.dk,politiken.dk,www.interdidactica.com,www.rejseavisen.dk,www.lastbilgalleri.dk,www.listentoyoutube.com,www.idenyt.dk,bankinfo.dk,t.lenovo13.dk.msn.com,ams1.ib.adnxs.com,www.huntersmagazine.dk,www.wowwiki.com,www.hitta.se,ad-apac.doubleclick.net,reseguiden.expressen.se,tag.admeld.com,www.skyscanner.dk,tabs.ultimate-guitar.com,ox-d.bold.dk,dev.bukkit.org,amarorama.dk,testdigselv.dk.msn.com,crm.digitalchocolate.com,mmm.dk,www.indkast.dk,knockoffdecor.com,alt.mail.aol.com,www.prisguide.no,klaraholm.dk,www.oestrogen.dk,m2.feiwei.tv,mail.sol.dk,www.yepi.com,missjeanett.dk,digitalt.tv,feltet.dk,www.girlfriend.dk,esbjerg.lokalavisen.dk,ohsheglows.com,www.spismed.net,dyr.dba.dk,media.gamehouse.com,www94.hattrick.org,mobil.bold.dk,personensuche2.dastelefonbuch.de,dagbladet-holstebro-struer.dk,maschavang.dk,www.adressa.no,dk.worldsbiggestchat.com,linkguider.jubii.dk,acer.dk.msn.com,www.viunge.dk,silaskieffer.dk,dath.bloggersdelight.dk,www.novinky.cz,www.blesk.cz,blogs.bt.dk,toshiba.dk.msn.com,www.mobilmania.cz,as.webmd.com,www.wayn.com,www.winamp.com,www.rizap.com,www.pikstra.com,adcast.deviantart.com,kizi.com,columbine.freshnet.com,rockpaperdresses.com,www.heste-nettet.dk,www.brigitte.de,aller.adservinginternational.com,julieboewig.bloggersdelight.dk,www.computerworld.dk,lavishlavish.com,ekstrabladet.dk,www93.hattrick.org,vildekaniner.dk,lolzbook.com,roskilde.lokalavisen.dk,www.hestegalleri.dk,t.livsstil.dk.msn.com,www.b.dk,www.h-avis.no,www.aceshowbiz.com,www.bilekspressen.dk,google.tv2.dk,www.damnyouautocorrect.com,pudderdaaserne.dk,www.vice.com,www.lav-det-selv.dk,mitunivers.oestrogen.dk,www.dba.dk,www.fashionmodeldirectory.com,www.poloniainfo.dk,beta.aftenposten.no,gastromand.dk,glee.wikia.com,www.gd.no,til-boern.dba.dk,www.degulesider.dk,www.gastro.dk,ppbspil.tv2.dk,www.coolrom.com,phosee.dk,gofugyourself.com,www.virtualmanager.com,h-avis.no,gratisspil.dk,msi.dk.msn.com,lones.blog.idenyt.net,www.madridista.dk,us-ads.openx.net,hoersholm.lokalavisen.dk,optimized-by.rubiconproject.com,www.disney.dk,www.bt.dk,ferieliv.dk,www.hemnet.se,static.mbl.is,www.bilgalleri.dk,www.bytbil.com,www.travelstart.dk,www.wgt.com,lineandree.dk,eas8.emediate.eu,adserver.adtechus.com,ad.uk.doubleclick.net,www.meetme.com,www.golf.dk,firma.eniro.dk,view.atdmt.com,alatest.dk,www.authorstream.com,acer13.dk.msn.com,www.machineryzone.se,hilleroed.lokalavisen.dk,www.cosmopolitan.co.uk,www.euroinvestor.dk,opskrifter.dk,www.kultunaut.dk,freerice.com,loudwire.com,www.rb.no,horoskoper.dk.msn.com,entertainment.dk.msn.com,www.123spill.no,www.amazingembroiderydesigns.com,www.dooyoo.de,t.hp13.dk.msn.com,www.sol.dk,rad.msn.com,www.clubmetroxpress.dk,dk.gmads.net,www.myfitnesspal.com,bringiton.bloggersdelight.dk,galleri.tv2.dk,exch-e.atdmt.com,emmasilke.dk,www.rumid.dk,dell.dk.msn.com,www.pizap.com,casalicious.dk,www.automotorsport.se,a.indkast.dk,gentofte.lokalavisen.dk,da.vaabenbroedre.wikia.com,www.newmarathi.com,tipsbladet.dk,goerdetselv.dk,bornibyen.dk,www.cheatcc.com,impr.adservicemedia.dk,www.pgatour.com,feber.se,www.findeopskrifter.dk,adsby.klikki.com,dinsalgsvagt.adservinginternational.com,www.elle.dk,www.baboom.dk,www.iltalehti.fi,carolineevigglad.com,mobile.woman.dk,emilysalomon.dk,t.samsung13.dk.msn.com,fodbold.aabsport.dk,doodle.com,hitman.wikia.com,www.wunderground.com,filmehd.net,roflzone.com,heltnormalt.dk,www.paleo-opskrifter.dk,www.da-ads.com,finans.borsen.dk,e24.no,aka-cdn-ns.adtech.de,www.tattoojohnny.com,www.dressupgal.com,www.magacin.dk,ad-emea.doubleclick.net,www.independent.ie,www.alleannoncer.dk,www.amino.dk,www.123kort.dk,de.msn.com,www.memearcade.com,hespress.com,elderscrolls.wikia.com,www.flatpanels.dk,www.femina.dk,bloggar.aftonbladet.se,answerology.seventeen.com,www.amazingribs.com,www.aftonbladet.se,hyggestedet.dk,lolzland.com,map.krak.dk,tb.no,www.thesun.co.uk,www.ilfattoquotidiano.it,www.tvrage.com,nielskrause.blogs.berlingske.dk,bilweb.se,www.dn.se,www.gladespil.dk,go.tv2.dk,www.merriam-webster.com,www.rejseplanen.dk,t.asus13.dk.msn.com,spil.tv2.dk,irinathediva.dk,www1.skysports.com,foto.samvirke.dk,adserv.quality-channel.de,www.bygg.no,farmerama.tv2.dk,ams1.mobile.adnxs.com,www.liverpool.no,programmer.tv2.dk,abcnews.go.com,viskalspise.dk,www.nordjyske.dk,viborg-folkeblad.dk,www.fitliving.dk,modemedmere.dk,www.seat24.dk,annesophia.blogs.berlingske.dk,komputer.dk,da.netlog.com,www.avisen.dk,ads.codecall.net,www.epn.dk,www.billedbladet.dk,www.vidbox.eu,www.blocket.se,holdsport.dk,www.billetlugen.dk,www.realmaeglerne.dk,cdn.f4.net,www.booli.se,www.juventus.dk,www.rlslog.net,sporten.tv2.dk,www.eurogamer.dk,www.bhg.com,www.allfreecrochet.com,fotoquiz.dk.msn.com,www.ligabold.dk,pernilleagerup.dk,isabellathordsen.dk,zoom-online.dk,i.vemba.com,www.eyeonspain.com,www.pricerunner.se,woview.infomedia.dk,www.fixya.com,www.outcamp.dk,showads.pubmatic.com,www.moviefone.com,iform.dk,www.visitstockholm.com,xplayn.com,media.glispa.com,kalender.idenyt.net,www.newsnow.co.uk,www.minecraftwiki.net,www.hbold.dk,www.depechemode.de,g1.globo.com,cutecarbs.com,smurfs.wikia.com,www.mail.com,www.dummies.com,www.ancientfaces.com,secure-ams.adnxs.com,sondagsavisen.dk,www.hotnewhiphop.com,www.filipinocupid.com,amtsavisen.dk,kryty-mobily.heureka.cz,www.hardwareonline.dk,www.mobil.se,www.wattpad.com,www.sol.no,mittkok.expressen.se,dinmat.no,www.stardoll.com,vejret.tv2.dk,dungeonbusters.com,sjaellandske.adservinginternational.com,fynskemedieradmin.adservinginternational.com,www.dailyhiit.com,clubmetroxpress.dk,www.taaz.com,www.accuweather.com,www.girlgames.com,mb.zam.com,blogs.min-mave.dk,www.bolius.dk,www.smp.no,www.spilleland.com,varde.lokalavisen.dk,emea-bidder.mathtag.com,www.nyheder365.dk,www.tasteline.com,afe2.specificclick.net,fierceogfattig.dk,www.flybillet.dk,statigr.am,pagik.dk,forum.oestrogen.dk,exch-w.atdmt.com,www1.dlinksearch.com,en.bab.la,life.time.com,epn.dk,www.nasdaqomxnordic.com,www.odsgard.dk,www.vk.se,eas.information.dk,cdn.buzznet.com,s.atemda.com,www.vg.no,sport.sme.sk,www.runningshoesguru.com,www.maduniverset.dk,www.eurowoman.dk,adserver.adtech.de,itsmemelanie.dk,www.quotev.com,www.geocaching.com,suchen.mobile.de,pubads.g.doubleclick.net,dk.msn.com,bil-sitet.dk,www.boligliv.dk,mobil.nu,www.proff.dk,www.aok.dk,www92.hattrick.org,translate.googleusercontent.com,flatpanels.dk,ad.dk.doubleclick.net,kort.degulesider.dk,www.bestbuys.com,johannekohlmetz.dk,de.shopping.com,www.ruteplan.dk,adclient.uimserv.net,illvid.dk,sillewho.dk,blogs.jp.dk,ads.creative-serving.com,www.komogvind.dk,www.tetrisfriends.com,www.vejrcentral.dk,sony.dk.msn.com,www.travelmarket.dk,samsung.dk.msn.com,theinspirationroom.com,www.dn.no,www.dbufyn.dk,www.tagged.com,alleroed.lokalavisen.dk,fashionbyfrium.com,emachines.dk.msn.com,www.urbandictionary.com,oldtrafford.dk,www.chess.com,www.edbpriser.dk,www.caraworld.de,zynga2-a.akamaihd.net,investor.borsen.dk,www.marktplaats.nl,lokalavisen.dk,kanalsport.dk,www.gizmag.com,planer.search.ch,nemesisbabe.dk,retardo.dk,fri.tv2.dk,tvtid.tv2.dk,t.acer13.dk.msn.com,woman.dk,www.scootergalleri.dk,www.instructables.com,www.goodreads.com,www.startsiden.no,fielaursen.dk,www.motorcykelgalleri.dk,www.narutoget.com,www.modhoster.de,www.supersaver.dk,www.nickelodeon.dk,www.scribd.com,tinamarias.com,googleads.g.doubleclick.net,www.min-mave.dk,pelikone.fi,www.cheezburger.com,www.ohgizmo.com,www.glomdalen.no,www.veria.com,www.goal.com,www.fcbarcelona.dk,www.gratisspil.dk,www.aftenbladet.no,ib.adnxs.com,bovision.se,nm.adservinginternational.com,www.football-italia.net,m.adnxs.com,failblog.cheezburger.com,crtl.aimatch.com,asus.dk.msn.com,stiften.dk,www.babynames.com,perezhilton.com,filehippo.com,t.asus.dk.msn.com,annavattenkannastradgard.blogspot.dk,www.soendag.dk,da.bab.la,www.business.dk,www.phosee.dk,www.q.dk,www.godhumor.dk,www.fanfiction.net,www.lfgcomic.com,www.website-unavailable.com,lawnandgarden.manualsonline.com,bsa.adsrv.us,anet.tradedoubler.com,at.atwola.com,dlisted.com,natgeo.dk,xn--forklelsessr-3cb2x.dk,www.tineye.com,www.eksperten.dk,www.seventeen.com,unimedia.adservinginternational.com,www.games.com,connexity.net,www.dmi.dk,www.ox.popcap.com,sport-og-fritid.dba.dk,www.ehow.com,person.eniro.dk,borsen.dk,www.jyllands-posten.dk,ox-delivery.propelcom.dk,beta.dmi.dk,www.mobilescandinavia.dk,www.valuta.se,facebook2.poker.zynga.com,netnatur.dk,www.travellink.dk,download.cnet.com,t.entertainment.dk.msn.com,www.spigo.dk,bt.holdet.dk,www.allfreeknitting.com,www.mmo-champion.com,www.netdoktor.dk,medion.dk.msn.com,www.magasinetmad.dk,tel.search.ch,ad.360yield.com,www.klikk.no,www.jaegerforbundet.dk,www.playhub.com,penge.dk,www.inv.dk,last-gunfighter.livejournal.com,mizzepii.bloggersdelight.dk,www.metrolyrics.com,www.zimbio.com,ni.dk,rya.rockyou.com,www.192.com,spil.bt.dk,louises.blog.idenyt.net,odds1.dk,www.bold.dk,www.sporten.dk,www.sjovforborn.dk,nymail.jubii.dk,www.holdet.dk,ugens7dage.bloggersdelight.dk,www.allcdcovers.com,www.dailymail.co.uk,newz.dk,www.kigind.com,ox-d.gamerpublishing.com,dk-kogebogen.dk,ad.yieldmanager.com,rockongags.com,iranproud.com,www.nettavisen.no,www.hyggestedet.dk,www.trendsales.dk,nyheder.dk.msn.com,www.barnsemester.se,www1.watchop.com,compaq.dk.msn.com,ing.dk,www.wtfshots.com,blogbysandra.dk,ad.mangareader.net,test.ekstrabladet.dk,www.bbc.co.uk,www.tvguide.dk,www.brainyquote.com,blogg.no,download.dk.msn.com,digitalfoto.dk,wewonder.dk,www.stream.cz,e2.emediate.se,www.suzuki-forums.com,fitness.manualsonline.com,compat.tyda.se,www.playpink.com,film.wp.pl,c9.w3hoster.de,ttv.tv2.dk,www.krak.dk,www.spili.dk,anetdk.tradedoubler.com,www.tradera.com,www.lostiempos.com,statcounter.com,forum.xda-developers.com,www.seoghoer.dk,www.tv2.no,taahyler.dk,www.usmagazine.com,www.roblox.com,www.boligone.dk,house-of-cards.wikia.com,soeg.jubii.dk,www.tupalo.dk,www.dbujylland.dk,www.leasticoulddo.com,www.viviro.com,www.video2mp3.net,www.klassisk.org,www.marinetraffic.com,www.soundcheck.dk,slankedoktor.dk,tv2.dk,doma.nova.cz,www.guardian.co.uk,www.huffingtonpost.com,www.floridakeyswebcams.tv,www.isabellas.dk,www.fdmbenzinpriser.dk,www.prisjakt.no,www.kino.dk,www.ad.nl,www.expressen.se,www.mylifetime.com,brashna.dk,weheartit.com,banner1.danske-it-eksperter.dk,www.tenmanga.com,windows-media-player.ine-hn.org,www.justjared.com,fuglemarkedet.dk,fredensborg.lokalavisen.dk,www.afrointroductions.com,fullonsms.com,makogon-6.livejournal.com,www.gooddrama.net,www.bilzonen.dk,indkast.dk,www.endomondo.com,9gag.com,www.newyorkerbyheart.com,www.x17online.com,www.feltet.dk,www.veterinaren.nu,www.solfaktor.no,www.boligsiden.dk,tv3.dk,www.mx.dk,www.tipsbladet.dk,jv.adservinginternational.com,fotballfrue.no,www.pluska.sk,www.askmrrobot.com,www.boyfriend.dk,www.recordere.dk,csi.wikia.com,andtheblack.dk,flightrising.com,vejret.dk.msn.com,www.gamesbox.com,www.proinvestor.com,www.dagbladet.no,www.gogoanime.com,www.rebootwithjoe.com,puzzledhearts.com,mylifeaseif.bloggersdelight.dk,www.hendesverden.dk,facebook.com,ask.fm,scooter.dba.dk,www.retrevo.com,srv.juiceadv.net,www.sidereel.com,www.momondo.dk,www.netsundhedsplejerske.dk,news.cnet.com,mangafox.me,www.stayfriends.se,www.metacafe.com,watagame.adservinginternational.com,www.svd.se,www.morethanaclub.dk,kidstour.isobar.dk,www.fitnessworld.dk,www.boligportal.dk,www.hot.dk,m.business.dk,brondby.com,www.studieportalen.dk,www.ryanair.com,www.jetcost.dk,vejret.dk,newsbreak.dk,www.rallye-magazin.de,www.super.cz,www.vildmedmad.dk,www.traktorgalleri.dk,x2.vindicosuite.com,www.valutakurser.dk,www.mangahit.com
0.28065575746617244,0.0,0.8419672723985173,2.5259018171955523,2.5259018171955523,0.0,0.883349406769711,0.5051803634391104,0.0,1.2222105567075252,0.0,0.0,1.0103607268782209,2.5259018171955523,2.5259018171955523,0.0,0.21049181809962936,0.0,1,0.0,0.0,2.5259018171955523,1.5155410903173312,0.5051803634391104,2.5259018171955523,2.5259018171955523,0.4209836361992587,0.0,0.0,0.9385864675917898,2.5259018171955523,0.9021077918555542,2.5259018171955523,1.37776462756121,1.2629509085977761,1.6839345447970349,0.0,2.5259018171955523,2.5259018171955523,2.5259018171955523,1,1,1,0.39882660271508713,1,2.5259018171955523,0.0,0.0,1.3631851076928374,1.0509226538696823,2.5259018171955523,0.0,0.297164919670065,1.1481371896343417,1.2629509085977761,2.5259018171955523,2.5259018171955523,2.5259018171955523,2.5259018171955523,2.5259018171955523,0.0,0.0,1.3601009784899125,0.0,2.5259018171955523,0.0,1,0.0,0.0,0.0,0.11886596786802597,0.20207214537564416,0.0,2.5259018171955523,0.7577705451586656,1.2629509085977761,1,0.0,1,0.0,0.0,2.5259018171955523,1,0.0,1,0.9185097517074735,0.0,0.0,0.0,2.5259018171955523,0.0,0.0,0.5613115149323449,0.5051803634391104,1.8944263628966638,2.5259018171955523,1,0.0,0.0,0.0,0.6014051945703696,0.0,0.688882313780605,1.653317553073452,0.5051803634391104,0.0,1.6839345447970349,2.5259018171955523,0.0,0.0,1.2629509085977761,0.0,0.8419672723985174,0.0,2.0207214537564417,0.7216862334844434,1,1.262950908597776,0.45925487585373675,0.0,1,0.18042155837111085,2.5259018171955523,0.0,1.7681312720368865,0.0,0.0,2.5259018171955523,2.5259018171955523,1.6839345447970349,2.5259018171955523,2.5259018171955523,0.0,1,1,1,0.0,1.2629509085977761,1.2629509085977761,2.5259018171955523,1.2629509085977761,0.4952748661167749,2.5259018171955523,0.5613115149323449,0.960138117647432,2.5259018171955523,1.2629509085977761,0.5613115149323449,0.0,0.0,0.0,2.0207214537564417,1.593723765611479,0.8082885815025767,0.3608431167422217,2.5259018171955523,0.0,1.2629509085977761,0.0,1.082529350226665,0.0,0.0,1,2.5259018171955523,1.0103607268782209,0.0,0.7626384501596849,0.21049181809962936,0.0,1,2.5259018171955523,0.8720375321270358,0.7429122991751623,1.2629509085977761,0.9472131814483321,1.2360796126701636,0.6062164361269325,0.0,0.0,1,0.0,0.22962743792686838,0.8927756422846348,0.0,1.6839345447970349,0.688882313780605,0.0,1.2629509085977761,2.5259018171955523,0.6343589038618966,2.0207214537564417,2.5259018171955523,0.0,1.2629509085977761,0.7216862334844435,2.5259018171955523,2.5259018171955523,0.9472131814483321,1.2629509085977761,0.0,0.0,1.2629509085977761,1.7197629393671843,0.0,2.5259018171955523,0.0,0.0,0.0,0.0,0.8419672723985173,1.2629509085977761,1.2629509085977761,1.2629509085977761,2.5259018171955523,1.478933817604352,1.14224090734806,2.5259018171955523,0.0,2.5259018171955523,0.0,0.5491090906946852,0.0,1.2629509085977761,1.0296597519983666,2.5259018171955523,2.5259018171955523,1,0.0,0.0,1.7681312720368865,0.78934431787361,2.5259018171955523,1.4734427266974053,2.5259018171955523,2.5259018171955523,2.5259018171955523,2.5259018171955523,2.5259018171955523,1.2629509085977761,0.0,1,0.0,0.0,1,2.5259018171955523,0.7216862334844435,0.0,0.6314754542988881,2.5259018171955523,1.8944263628966642,0.0,2.5259018171955523,2.5259018171955523,0.6314754542988881,2.5259018171955523,2.5259018171955523,2.5259018171955523,2.5259018171955523,0.0,2.1049181809962936,0.3608431167422217,1,1.5155410903173312,0.0,1.37776462756121,0.19063409941098508,0.0,0.0,1.2629509085977761,0.0,0.8419672723985174,1.2629509085977761,0.0,0.0,1,2.5259018171955523,0.0,2.5259018171955523,0.4209836361992587,1.6839345447970349,1,0.0,0.16296140756100336,0.0,2.5259018171955523,0.0,2.525901817195552,0.0,1.3250632483648794,2.5259018171955523,0.0,2.5259018171955523,2.5259018171955523,0.28065575746617244,0.0,1.248322133594713,0.0,2.5259018171955523,1,0.0,2.5259018171955523,0.5051803634391104,1,2.5259018171955523,0.0,0.9692969166175748,0.0,1,2.5259018171955523,0.0,1,0.0,0.0,0.903115733522432,0.8419672723985174,1,0.0,2.5259018171955523,0.0,2.0207214537564417,0.0,0.6647110045251452,0.0,0.0,1,1.5155410903173312,1.2629509085977761,0.8419672723985173,0.3608431167422217,1.0518307567127747,1.6073920654880784,1.2629509085977761,1.6839345447970349,1,2.5259018171955523,1.2629509085977761,2.5259018171955523,0.0,1.030157344893977,0.0,2.5259018171955523,2.5259018171955523,1.57868863574722,0.0,0.8971087058553472,1.2629509085977761,0.0,0.6314754542988881,1,1.2629509085977761,0.0,2.015347194570919,0.8419672723985174,0.0,2.5259018171955523,1.2629509085977761,0.0,0.0,0.7109945855809702,1,0.0,0.0,0.6314754542988881,0.8598814696835921,1.0103607268782209,0.8419672723985174,1.0103607268782206,1,0.0,1.2629509085977761,0.0,0.0,0.8419672723985174,0.5051803634391104,0.0,1,1,2.16505870045333,0.0,2.5259018171955523,0.0,2.1049181809962936,1.2629509085977761,0.28065575746617244,2.5259018171955523,1.8944263628966642,2.5259018171955523,2.5259018171955523,0.3788852725793328,0.0,0.7216862334844434,0.28065575746617244,2.5259018171955523,1,0.0,0.0,0.0,0.0,0.0,0.0,2.5259018171955523,0.0,0.0,0.0,2.5259018171955523,0.0,0.8419672723985174,1.8944263628966642,1.2629509085977761,1.3737360760186335,1,1,2.5259018171955523,1.435171487042927,2.5259018171955523,2.5259018171955523,1.2629509085977761,1.2629509085977761,2.5259018171955523,2.5259018171955523,0.0,2.5259018171955523,1.964590302263207,0.18042155837111085,0.8419672723985174,0.0,2.5259018171955523,0.28065575746617244,1,1,0.701639393665431,0.0,0.8419672723985174,2.5259018171955523,2.5259018171955523,2.5259018171955523,1,0.8419672723985174,1.2629509085977761,0.5613115149323449,0.0,0.7306327570400357,0.0,0.0,2.5259018171955523,0.0,0.8419672723985174,0.0,0.0,0.0,1.5155410903173312,1,0.0,1,0.0,1,2.5259018171955523,0.28065575746617244,0.0,1,0.0,1.8944263628966642,0.0,1.0400772188452272,2.5259018171955523,2.5259018171955523,0.17420012532383117,0.0,1.8944263628966642,1.2629509085977761,0.4857503494606831,1,0.0,2.5259018171955523,1,2.5259018171955523,1.480701065252565,2.5259018171955523,0.0,0.0,0.0,1.2629509085977761,0.0,0.0,2.5259018171955523,1.6839345447970346,0.0,0.0,0.0,2.5259018171955523,2.5259018171955523,1.0103607268782209,1,0.5412646751133325,2.5259018171955523,2.5259018171955523,0.0,0.8068853027152456,2.5259018171955523,1,0.0,0.0,1,0.0,1,2.5259018171955523,0.0,1,0.6735738179188139,1.026147613235693,0.0,2.5259018171955523,0.0,0.0,1.6839345447970349,0.0,2.5259018171955523,0.0,0.0,0.0,0.0,0.8196635035932586,0.0,0.9622483113125913,0.9873979830855338,0.0,0.0,0.0,0.0,0.0,1.8944263628966642,0.0,1.2629509085977761,2.5259018171955523,2.5259018171955523,1,1.2629509085977761,0.0,2.5259018171955523,1.0915406332723447,1,0.8419672723985174,0.0,2.5259018171955523,0.0,0.0,0.0,2.5259018171955523,2.5259018171955523,2.2733116354759964,1.57868863574722,2.5259018171955523,0.0,1.4433724669688868,0.0,0.5051803634391104,1.6237940253399976,2.5259018171955523,2.5259018171955523,0.28065575746617244,0.0,0.947213181448332,1,0.0,1.2629509085977761,1.4032787873308623,1.4433724669688868,1.0406337074588417,1.6839345447970349,0.0,1.5155410903173312,2.5259018171955523,0.7529130416640587,2.5259018171955523,2.5259018171955523,2.5259018171955523,0.0,0.5613115149323449,1,0.0,1,0.0,1,1.2629509085977761,0.0,2.5259018171955523,1.533583246154442,0.5051803634391104,0.0,0.0,0.0,0.6314754542988881,0.0,0.0,1.5155410903173312,2.5259018171955523,2.525901817195552,2.5259018171955523,0.0,1.2629509085977761,0.0,2.5259018171955523,2.5259018171955523,2.5259018171955523,0.0,0.4320621529413444,0.0,0.0,0.8419672723985174,1.6237940253399976,1,2.5259018171955523,0.0,0.9472131814483321,1.082529350226665,0.3843763634862796,0.8419672723985174,0.1837019503414947,0.0,0.0,0.0,1.6839345447970349,0.0,2.5259018171955523,2.5259018171955523,1,0.6314754542988881,1.0103607268782209,0.0,0.3608431167422217,1.0103607268782209,0.294688545339481,0.0,2.5259018171955523,2.5259018171955523,0.0,0.0,2.5259018171955523,2.5259018171955523,1.0982181813893703,0.0,0.9745605436423782,0.0,1.2863388883866238,2.5259018171955523,0.8641243058826888,1,1,0.777200559137093,0.6314754542988881,0.0,1.2629509085977761,0.0,2.5259018171955523,0.0,0.6314754542988881,0.4209836361992587,1.3155738631226834,2.0207214537564417,0.6589309088336223,2.5259018171955523,0.0,0.0,0.0,2.5259018171955523,0.0,0.9005389087392837,2.5259018171955523,2.5259018171955523,0.0,2.5259018171955523,2.5259018171955523,2.5259018171955523,1,1.2629509085977761,0.0,1.37776462756121,1.0518307567127747,0.0,0.0,2.5259018171955523,0.9622483113125913,2.040151467734869,1,0.22962743792686838,2.5259018171955523,1.748701258058459,1,2.5259018171955523,0.0,1.2629509085977761,1.5155410903173312,0.6314754542988881,0.0,1.964590302263207,0.0,1,0.44904921194587594,0.0,0.0,1,2.5259018171955523,0.0,1.6839345447970349,1.2629509085977761,1.5155410903173312,1.6839345447970349,1,1,0.6314754542988881,1,1.3372421385152922,0.0,0.0,0.0,1.2629509085977761,2.5259018171955523,1.7110947793905351,1.8319727465374331,0.2886744933937774,1.1438045964659105,1.6839345447970346,0.0,0.0,0.8419672723985174,2.5259018171955523,0.0,0.0,0.8419672723985174,0.8299391685071099,0.0,2.5259018171955523,1,1.57868863574722,0.28703429740858544,1.2629509085977761,0.0,2.5259018171955523,1.2629509085977761,2.273311635475997,0.0,0.0,0.0,0.0,1.2629509085977761,1.0103607268782209,0.0,0.0,2.5259018171955523,2.210164090046108,1,0.0,0.8980984238917518,2.5259018171955523,2.5259018171955523,0.0,2.5259018171955523,2.5259018171955523,1,1.0103607268782209,0.868278749660971,0.0,1.4313443630774791,0.6314754542988881,2.5259018171955523,0.0,1.6839345447970349,0.9472131814483321,1.5155410903173312,1.8944263628966642,0.0,0.5051803634391104,0.0,2.5259018171955523,1.5155410903173312,0.0,2.5259018171955523,0.0,1.8944263628966642,0.6314754542988881,2.5259018171955523,2.5259018171955523,2.5259018171955523,0.0,0.8028968653266603,0.0,2.0207214537564417,0.0,0.0,0.0,2.5259018171955523,0.0,0.5176028313925312,0.0,0.8419672723985174,1,0.0,0.0,0.0,2.5259018171955523,1,2.5259018171955523,0.0,2.5259018171955523,2.5259018171955523,0.0,1,0.0,2.5259018171955523,1.2629509085977761,0.9673666533940412,0.0,0.0,0.0,1.6073920654880784,0.0,2.5259018171955523,0.6495176101359991,0.0,1.262950908597776,2.066646941341815,0.8820609520365419,0.0,2.5259018171955523,1.2629509085977761,2.5259018171955523,2.052295226471386,0.0,0.0,1,0.6314754542988881,1,2.5259018171955523,2.0207214537564417,0.0,0.0,0.0,0.0,0.1485824598350325,0.6912314435803684,1,0.0,0.8419672723985174,1,0.0,0.0,0.0,1,2.5259018171955523,0.0,1.2629509085977761,0.3444411568903025,0.0,2.5259018171955523,0.0,0.3696441683700808,0.8419672723985174,0.6314754542988881,1.6839345447970349,1.2629509085977761,0.9472131814483321,0.0,0.0,1.2629509085977761,1.2629509085977761,2.5259018171955523,0.0,0.0,1,1.082529350226665,0.9418616945474939,1
kendte.dk,www.nbc.com,eas4.emediate.eu,www.goodmanga.net,tupalo.com,m.b.dk,exch-eu.atdmt.com,serve.adyielder.com,www.last.fm,www.fdm.dk,sims.wikia.com,www.animefreak.tv,ad.es.doubleclick.net,m.epn.dk,t.nyheder.dk.msn.com,gamersunite.coolchaser.com,ads.lanistaads.com,danielishoj.dk,forum.lro.com,www.alltforforaldrar.se,ad.dc2.adtech.de,www.an.no,www.holdsport.dk,sundhedsguiden.adservinginternational.com,mail2web.com,www.aabsport.dk,apr.lijit.com,www.rcgalleri.dk,stylecaster.com,d5p.de17a.com,www.mediafire.com,nyhederne.tv2.dk,www.comingsoon.net,www.euroman.dk,banner2.landbrugsavisen.dk,www.hegnar.no,funnie.st,ax-d.pixfuture.net,www.onlymyhealth.com,www.damnlol.com,www.enjoydressup.com,porssi.taloussanomat.fi,www.worldsnooker.com,dindebat.dk,www.campingferie.dk,www.lydogbilde.no,bestofdrawsomething.com,costume.dk,www.ni.dk,www.jubii.dk,www.ranker.com,www.sugarscape.com,www.hundegalleri.dk,dagbladetringskjern.dk,www.boligdebatten.dk,www.liverpoolecho.co.uk,www.danmarkskort.dk,allsp.ch,uk.shopping.com,furesoe.lokalavisen.dk,amaliewessel.dk,www.kattegalleri.dk,news.dk,sermitsiaq.ag,pub.weatherbug.com,www.terve.fi,appleinsider.com,myonlinearcade.com,a.komoona.com,www.mama.dk,www.altfordamerne.dk,www.familiejournal.dk,www.vagabond.se,www.nieuwsblad.be,www.rejseliv.dk,baboon.eniro.dk,b.bilen.dk,amalieancher.dk,www.autobild.de,media.x3711.com,www.sodahead.com,portal.opera.com,list25.com,armorgames.com,football-italia.net,nym1.ib.adnxs.com,footy.dk,whatshouldwecallme.tumblr.com,www.gamefaqs.com,www.mandatory.com,www.girlswithslingshots.com,www.picmonkey.com,soundvenueas.adservinginternational.com,www.spilop.dk,www.biltorvet.dk,photo.net,stateofdecay.wikia.com,helenemoeller.bloggersdelight.dk,allrecovering.com,www.madogbolig.dk,spilskyen.tv2.dk,voresborn.dk,passionsforfashion.dk,bannerfactory.bilzonen.dk,lenovo.dk.msn.com,www.iltasanomat.fi,ligabold.dk,ad.de.doubleclick.net,coinmill.com,www.thebikelist.co.uk,svenskanamn.alltforforaldrar.se,www.1881.no,openx.dailyrush.dk,evak.dk,www.ob.dk,www.formspring.me,www.ratebeer.com,beep.tv2.dk,magazine.trendsales.dk,apartmentholstebro.bloggersdelight.dk,mainia.bloggersdelight.dk,sarahlouise.dk,www.agf.dk,bt.brise.dk,gaffa.dk,sportal.spiegel.de,www.in.dk,ameblo.jp,biler.dba.dk,www.mascus.dk,smagsloejer.dk,www.weightgainers.net,t.lenovo13-comm.dk.msn.com,www.blick.ch,automobile.de,dreammoods.com,s-u-s.dk,denkorteavis.dk,ads.pubmatic.com,ads.adcloud.net,www.filehippo.com,samvirke.dk,www.tripadvisor.dk,packardbell.dk.msn.com,www.pricerunner.dk,solmail.redhost.dk,m.bt.dk,data.tbc.tetrisfb.com,digimon.wikia.com,www.cokeandpopcorn.ch,www.prozeny.cz,www.retardo.dk,www.bilbasen.dk,secure.adnxs.com,www.udeoghjemme.dk,admention.adspirit.de,dkira.com,www.festabc.dk,www.itwire.com,www.sydsverige.dk,www.lofotposten.no,www.hjemmet.dk,www.discogs.com,hp-comm.dk.msn.com,www.zoover.dk,makeovr.com,ad.doubleclick.net,altomboern.dk,z13.invisionfree.com,www.google.dk,m.sporten.dk,b.jads.dk,hp.dk.msn.com,jyskemedier.adservinginternational.com,uk-ads.openx.net,www.lauritz.com,livsstil.dk.msn.com,guide.lokalavisen.dk,idachristin.blogg.no,madzilla.blogg.no,ox-social.bidsystem.com,www.sjovforbornpaaferie.dk,www.boliga.dk,www.doodle.com,www.finn.no,t.dk.msn.com,hbl.fi,www.dbu.dk,grp09.ias.rakuten.co.jp,www.dk-kogebogen.dk,start.lenovo.com,www.evo.co.uk,www.sho.dk,frederikssund.lokalavisen.dk,ad1.emediate.dk,m.jyllands-posten.dk,www74.hattrick.org,danskespil.holdet.dk,lax1.ib.adnxs.com,frk.gamib.net,customerservice.boligportal.dk,dk.jobrapido.com,onside.dk,fcbarcelona.dk,www.ovguide.com,ad.wingads.com,t.toshiba13.dk.msn.com,www.examiner.com,robinandersen.bloggersdelight.dk,www.sommerferie.nu,finans.tv2.dk,login.tv2.dk,www.arto.com,web.de,jyllands-posten.dk,politiken.dk,www.interdidactica.com,www.rejseavisen.dk,www.lastbilgalleri.dk,www.listentoyoutube.com,www.idenyt.dk,bankinfo.dk,t.lenovo13.dk.msn.com,ams1.ib.adnxs.com,www.huntersmagazine.dk,www.wowwiki.com,www.hitta.se,ad-apac.doubleclick.net,reseguiden.expressen.se,tag.admeld.com,www.skyscanner.dk,tabs.ultimate-guitar.com,ox-d.bold.dk,dev.bukkit.org,amarorama.dk,testdigselv.dk.msn.com,crm.digitalchocolate.com,mmm.dk,www.indkast.dk,knockoffdecor.com,alt.mail.aol.com,www.prisguide.no,klaraholm.dk,www.oestrogen.dk,m2.feiwei.tv,mail.sol.dk,www.yepi.com,missjeanett.dk,digitalt.tv,feltet.dk,www.girlfriend.dk,esbjerg.lokalavisen.dk,ohsheglows.com,www.spismed.net,dyr.dba.dk,media.gamehouse.com,www94.hattrick.org,mobil.bold.dk,personensuche2.dastelefonbuch.de,dagbladet-holstebro-struer.dk,maschavang.dk,www.adressa.no,dk.worldsbiggestchat.com,linkguider.jubii.dk,acer.dk.msn.com,www.viunge.dk,silaskieffer.dk,dath.bloggersdelight.dk,www.novinky.cz,www.blesk.cz,blogs.bt.dk,toshiba.dk.msn.com,www.mobilmania.cz,as.webmd.com,www.wayn.com,www.winamp.com,www.rizap.com,www.pikstra.com,adcast.deviantart.com,kizi.com,columbine.freshnet.com,rockpaperdresses.com,www.heste-nettet.dk,www.brigitte.de,aller.adservinginternational.com,julieboewig.bloggersdelight.dk,www.computerworld.dk,lavishlavish.com,ekstrabladet.dk,www93.hattrick.org,vildekaniner.dk,lolzbook.com,roskilde.lokalavisen.dk,www.hestegalleri.dk,t.livsstil.dk.msn.com,www.b.dk,www.h-avis.no,www.aceshowbiz.com,www.bilekspressen.dk,google.tv2.dk,www.damnyouautocorrect.com,pudderdaaserne.dk,www.vice.com,www.lav-det-selv.dk,mitunivers.oestrogen.dk,www.dba.dk,www.fashionmodeldirectory.com,www.poloniainfo.dk,beta.aftenposten.no,gastromand.dk,glee.wikia.com,www.gd.no,til-boern.dba.dk,www.degulesider.dk,www.gastro.dk,ppbspil.tv2.dk,www.coolrom.com,phosee.dk,gofugyourself.com,www.virtualmanager.com,h-avis.no,gratisspil.dk,msi.dk.msn.com,lones.blog.idenyt.net,www.madridista.dk,us-ads.openx.net,hoersholm.lokalavisen.dk,optimized-by.rubiconproject.com,www.disney.dk,www.bt.dk,ferieliv.dk,www.hemnet.se,static.mbl.is,www.bilgalleri.dk,www.bytbil.com,www.travelstart.dk,www.wgt.com,lineandree.dk,eas8.emediate.eu,adserver.adtechus.com,ad.uk.doubleclick.net,www.meetme.com,www.golf.dk,firma.eniro.dk,view.atdmt.com,alatest.dk,www.authorstream.com,acer13.dk.msn.com,www.machineryzone.se,hilleroed.lokalavisen.dk,www.cosmopolitan.co.uk,www.euroinvestor.dk,opskrifter.dk,www.kultunaut.dk,freerice.com,loudwire.com,www.rb.no,horoskoper.dk.msn.com,entertainment.dk.msn.com,www.123spill.no,www.amazingembroiderydesigns.com,www.dooyoo.de,t.hp13.dk.msn.com,www.sol.dk,rad.msn.com,www.clubmetroxpress.dk,dk.gmads.net,www.myfitnesspal.com,bringiton.bloggersdelight.dk,galleri.tv2.dk,exch-e.atdmt.com,emmasilke.dk,www.rumid.dk,dell.dk.msn.com,www.pizap.com,casalicious.dk,www.automotorsport.se,a.indkast.dk,gentofte.lokalavisen.dk,da.vaabenbroedre.wikia.com,www.newmarathi.com,tipsbladet.dk,goerdetselv.dk,bornibyen.dk,www.cheatcc.com,impr.adservicemedia.dk,www.pgatour.com,feber.se,www.findeopskrifter.dk,adsby.klikki.com,dinsalgsvagt.adservinginternational.com,www.elle.dk,www.baboom.dk,www.iltalehti.fi,carolineevigglad.com,mobile.woman.dk,emilysalomon.dk,t.samsung13.dk.msn.com,fodbold.aabsport.dk,doodle.com,hitman.wikia.com,www.wunderground.com,filmehd.net,roflzone.com,heltnormalt.dk,www.paleo-opskrifter.dk,www.da-ads.com,finans.borsen.dk,e24.no,aka-cdn-ns.adtech.de,www.tattoojohnny.com,www.dressupgal.com,www.magacin.dk,ad-emea.doubleclick.net,www.independent.ie,www.alleannoncer.dk,www.amino.dk,www.123kort.dk,de.msn.com,www.memearcade.com,hespress.com,elderscrolls.wikia.com,www.flatpanels.dk,www.femina.dk,bloggar.aftonbladet.se,answerology.seventeen.com,www.amazingribs.com,www.aftonbladet.se,hyggestedet.dk,lolzland.com,map.krak.dk,tb.no,www.thesun.co.uk,www.ilfattoquotidiano.it,www.tvrage.com,nielskrause.blogs.berlingske.dk,bilweb.se,www.dn.se,www.gladespil.dk,go.tv2.dk,www.merriam-webster.com,www.rejseplanen.dk,t.asus13.dk.msn.com,spil.tv2.dk,irinathediva.dk,www1.skysports.com,foto.samvirke.dk,adserv.quality-channel.de,www.bygg.no,farmerama.tv2.dk,ams1.mobile.adnxs.com,www.liverpool.no,programmer.tv2.dk,abcnews.go.com,viskalspise.dk,www.nordjyske.dk,viborg-folkeblad.dk,www.fitliving.dk,modemedmere.dk,www.seat24.dk,annesophia.blogs.berlingske.dk,komputer.dk,da.netlog.com,www.avisen.dk,ads.codecall.net,www.epn.dk,www.billedbladet.dk,www.vidbox.eu,www.blocket.se,holdsport.dk,www.billetlugen.dk,www.realmaeglerne.dk,cdn.f4.net,www.booli.se,www.juventus.dk,www.rlslog.net,sporten.tv2.dk,www.eurogamer.dk,www.bhg.com,www.allfreecrochet.com,fotoquiz.dk.msn.com,www.ligabold.dk,pernilleagerup.dk,isabellathordsen.dk,zoom-online.dk,i.vemba.com,www.eyeonspain.com,www.pricerunner.se,woview.infomedia.dk,www.fixya.com,www.outcamp.dk,showads.pubmatic.com,www.moviefone.com,iform.dk,www.visitstockholm.com,xplayn.com,media.glispa.com,kalender.idenyt.net,www.newsnow.co.uk,www.minecraftwiki.net,www.hbold.dk,www.depechemode.de,g1.globo.com,cutecarbs.com,smurfs.wikia.com,www.mail.com,www.dummies.com,www.ancientfaces.com,secure-ams.adnxs.com,sondagsavisen.dk,www.hotnewhiphop.com,www.filipinocupid.com,amtsavisen.dk,kryty-mobily.heureka.cz,www.hardwareonline.dk,www.mobil.se,www.wattpad.com,www.sol.no,mittkok.expressen.se,dinmat.no,www.stardoll.com,vejret.tv2.dk,dungeonbusters.com,sjaellandske.adservinginternational.com,fynskemedieradmin.adservinginternational.com,www.dailyhiit.com,clubmetroxpress.dk,www.taaz.com,www.accuweather.com,www.girlgames.com,mb.zam.com,blogs.min-mave.dk,www.bolius.dk,www.smp.no,www.spilleland.com,varde.lokalavisen.dk,emea-bidder.mathtag.com,www.nyheder365.dk,www.tasteline.com,afe2.specificclick.net,fierceogfattig.dk,www.flybillet.dk,statigr.am,pagik.dk,forum.oestrogen.dk,exch-w.atdmt.com,www1.dlinksearch.com,en.bab.la,life.time.com,epn.dk,www.nasdaqomxnordic.com,www.odsgard.dk,www.vk.se,eas.information.dk,cdn.buzznet.com,s.atemda.com,www.vg.no,sport.sme.sk,www.runningshoesguru.com,www.maduniverset.dk,www.eurowoman.dk,adserver.adtech.de,itsmemelanie.dk,www.quotev.com,www.geocaching.com,suchen.mobile.de,pubads.g.doubleclick.net,dk.msn.com,bil-sitet.dk,www.boligliv.dk,mobil.nu,www.proff.dk,www.aok.dk,www92.hattrick.org,translate.googleusercontent.com,flatpanels.dk,ad.dk.doubleclick.net,kort.degulesider.dk,www.bestbuys.com,johannekohlmetz.dk,de.shopping.com,www.ruteplan.dk,adclient.uimserv.net,illvid.dk,sillewho.dk,blogs.jp.dk,ads.creative-serving.com,www.komogvind.dk,www.tetrisfriends.com,www.vejrcentral.dk,sony.dk.msn.com,www.travelmarket.dk,samsung.dk.msn.com,theinspirationroom.com,www.dn.no,www.dbufyn.dk,www.tagged.com,alleroed.lokalavisen.dk,fashionbyfrium.com,emachines.dk.msn.com,www.urbandictionary.com,oldtrafford.dk,www.chess.com,www.edbpriser.dk,www.caraworld.de,zynga2-a.akamaihd.net,investor.borsen.dk,www.marktplaats.nl,lokalavisen.dk,kanalsport.dk,www.gizmag.com,planer.search.ch,nemesisbabe.dk,retardo.dk,fri.tv2.dk,tvtid.tv2.dk,t.acer13.dk.msn.com,woman.dk,www.scootergalleri.dk,www.instructables.com,www.goodreads.com,www.startsiden.no,fielaursen.dk,www.motorcykelgalleri.dk,www.narutoget.com,www.modhoster.de,www.supersaver.dk,www.nickelodeon.dk,www.scribd.com,tinamarias.com,googleads.g.doubleclick.net,www.min-mave.dk,pelikone.fi,www.cheezburger.com,www.ohgizmo.com,www.glomdalen.no,www.veria.com,www.goal.com,www.fcbarcelona.dk,www.gratisspil.dk,www.aftenbladet.no,ib.adnxs.com,bovision.se,nm.adservinginternational.com,www.football-italia.net,m.adnxs.com,failblog.cheezburger.com,crtl.aimatch.com,asus.dk.msn.com,stiften.dk,www.babynames.com,perezhilton.com,filehippo.com,t.asus.dk.msn.com,annavattenkannastradgard.blogspot.dk,www.soendag.dk,da.bab.la,www.business.dk,www.phosee.dk,www.q.dk,www.godhumor.dk,www.fanfiction.net,www.lfgcomic.com,www.website-unavailable.com,lawnandgarden.manualsonline.com,bsa.adsrv.us,anet.tradedoubler.com,at.atwola.com,dlisted.com,natgeo.dk,xn--forklelsessr-3cb2x.dk,www.tineye.com,www.eksperten.dk,www.seventeen.com,unimedia.adservinginternational.com,www.games.com,connexity.net,www.dmi.dk,www.ox.popcap.com,sport-og-fritid.dba.dk,www.ehow.com,person.eniro.dk,borsen.dk,www.jyllands-posten.dk,ox-delivery.propelcom.dk,beta.dmi.dk,www.mobilescandinavia.dk,www.valuta.se,facebook2.poker.zynga.com,netnatur.dk,www.travellink.dk,download.cnet.com,t.entertainment.dk.msn.com,www.spigo.dk,bt.holdet.dk,www.allfreeknitting.com,www.mmo-champion.com,www.netdoktor.dk,medion.dk.msn.com,www.magasinetmad.dk,tel.search.ch,ad.360yield.com,www.klikk.no,www.jaegerforbundet.dk,www.playhub.com,penge.dk,www.inv.dk,last-gunfighter.livejournal.com,mizzepii.bloggersdelight.dk,www.metrolyrics.com,www.zimbio.com,ni.dk,rya.rockyou.com,www.192.com,spil.bt.dk,louises.blog.idenyt.net,odds1.dk,www.bold.dk,www.sporten.dk,www.sjovforborn.dk,nymail.jubii.dk,www.holdet.dk,ugens7dage.bloggersdelight.dk,www.allcdcovers.com,www.dailymail.co.uk,newz.dk,www.kigind.com,ox-d.gamerpublishing.com,dk-kogebogen.dk,ad.yieldmanager.com,rockongags.com,iranproud.com,www.nettavisen.no,www.hyggestedet.dk,www.trendsales.dk,nyheder.dk.msn.com,www.barnsemester.se,www1.watchop.com,compaq.dk.msn.com,ing.dk,www.wtfshots.com,blogbysandra.dk,ad.mangareader.net,test.ekstrabladet.dk,www.bbc.co.uk,www.tvguide.dk,www.brainyquote.com,blogg.no,download.dk.msn.com,digitalfoto.dk,wewonder.dk,www.stream.cz,e2.emediate.se,www.suzuki-forums.com,fitness.manualsonline.com,compat.tyda.se,www.playpink.com,film.wp.pl,c9.w3hoster.de,ttv.tv2.dk,www.krak.dk,www.spili.dk,anetdk.tradedoubler.com,www.tradera.com,www.lostiempos.com,statcounter.com,forum.xda-developers.com,www.seoghoer.dk,www.tv2.no,taahyler.dk,www.usmagazine.com,www.roblox.com,www.boligone.dk,house-of-cards.wikia.com,soeg.jubii.dk,www.tupalo.dk,www.dbujylland.dk,www.leasticoulddo.com,www.viviro.com,www.video2mp3.net,www.klassisk.org,www.marinetraffic.com,www.soundcheck.dk,slankedoktor.dk,tv2.dk,doma.nova.cz,www.guardian.co.uk,www.huffingtonpost.com,www.floridakeyswebcams.tv,www.isabellas.dk,www.fdmbenzinpriser.dk,www.prisjakt.no,www.kino.dk,www.ad.nl,www.expressen.se,www.mylifetime.com,brashna.dk,weheartit.com,banner1.danske-it-eksperter.dk,www.tenmanga.com,windows-media-player.ine-hn.org,www.justjared.com,fuglemarkedet.dk,fredensborg.lokalavisen.dk,www.afrointroductions.com,fullonsms.com,makogon-6.livejournal.com,www.gooddrama.net,www.bilzonen.dk,indkast.dk,www.endomondo.com,9gag.com,www.newyorkerbyheart.com,www.x17online.com,www.feltet.dk,www.veterinaren.nu,www.solfaktor.no,www.boligsiden.dk,tv3.dk,www.mx.dk,www.tipsbladet.dk,jv.adservinginternational.com,fotballfrue.no,www.pluska.sk,www.askmrrobot.com,www.boyfriend.dk,www.recordere.dk,csi.wikia.com,andtheblack.dk,flightrising.com,vejret.dk.msn.com,www.gamesbox.com,www.proinvestor.com,www.dagbladet.no,www.gogoanime.com,www.rebootwithjoe.com,puzzledhearts.com,mylifeaseif.bloggersdelight.dk,www.hendesverden.dk,facebook.com,ask.fm,scooter.dba.dk,www.retrevo.com,srv.juiceadv.net,www.sidereel.com,www.momondo.dk,www.netsundhedsplejerske.dk,news.cnet.com,mangafox.me,www.stayfriends.se,www.metacafe.com,watagame.adservinginternational.com,www.svd.se,www.morethanaclub.dk,kidstour.isobar.dk,www.fitnessworld.dk,www.boligportal.dk,www.hot.dk,m.business.dk,brondby.com,www.studieportalen.dk,www.ryanair.com,www.jetcost.dk,vejret.dk,newsbreak.dk,www.rallye-magazin.de,www.super.cz,www.vildmedmad.dk,www.traktorgalleri.dk,x2.vindicosuite.com,www.valutakurser.dk,www.mangahit.com
0.28065575746617244,0.0,0.8419672723985173,2.5259018171955523,2.5259018171955523,0.0,0.883349406769711,0.5051803634391104,0.0,1.2222105567075252,0.0,0.0,1.0103607268782209,2.5259018171955523,2.5259018171955523,0.0,0.21049181809962936,0.0,1,0.0,0.0,2.5259018171955523,1.5155410903173312,0.5051803634391104,2.5259018171955523,2.5259018171955523,0.4209836361992587,0.0,0.0,0.9385864675917898,2.5259018171955523,0.9021077918555542,2.5259018171955523,1.37776462756121,1.2629509085977761,1.6839345447970349,0.0,2.5259018171955523,2.5259018171955523,2.5259018171955523,1,1,1,0.39882660271508713,1,2.5259018171955523,0.0,0.0,1.3631851076928374,1.0509226538696823,2.5259018171955523,0.0,0.297164919670065,1.1481371896343417,1.2629509085977761,2.5259018171955523,2.5259018171955523,2.5259018171955523,2.5259018171955523,2.5259018171955523,0.0,0.0,1.3601009784899125,0.0,2.5259018171955523,0.0,1,0.0,0.0,0.0,0.11886596786802597,0.20207214537564416,0.0,2.5259018171955523,0.7577705451586656,1.2629509085977761,1,0.0,1,0.0,0.0,2.5259018171955523,1,0.0,1,0.9185097517074735,0.0,0.0,0.0,2.5259018171955523,0.0,0.0,0.5613115149323449,0.5051803634391104,1.8944263628966638,2.5259018171955523,1,0.0,0.0,0.0,0.6014051945703696,0.0,0.688882313780605,1.653317553073452,0.5051803634391104,0.0,1.6839345447970349,2.5259018171955523,0.0,0.0,1.2629509085977761,0.0,0.8419672723985174,0.0,2.0207214537564417,0.7216862334844434,1,1.262950908597776,0.45925487585373675,0.0,1,0.18042155837111085,2.5259018171955523,0.0,1.7681312720368865,0.0,0.0,2.5259018171955523,2.5259018171955523,1.6839345447970349,2.5259018171955523,2.5259018171955523,0.0,1,1,1,0.0,1.2629509085977761,1.2629509085977761,2.5259018171955523,1.2629509085977761,0.4952748661167749,2.5259018171955523,0.5613115149323449,0.960138117647432,2.5259018171955523,1.2629509085977761,0.5613115149323449,0.0,0.0,0.0,2.0207214537564417,1.593723765611479,0.8082885815025767,0.3608431167422217,2.5259018171955523,0.0,1.2629509085977761,0.0,1.082529350226665,0.0,0.0,1,2.5259018171955523,1.0103607268782209,0.0,0.7626384501596849,0.21049181809962936,0.0,1,2.5259018171955523,0.8720375321270358,0.7429122991751623,1.2629509085977761,0.9472131814483321,1.2360796126701636,0.6062164361269325,0.0,0.0,1,0.0,0.22962743792686838,0.8927756422846348,0.0,1.6839345447970349,0.688882313780605,0.0,1.2629509085977761,2.5259018171955523,0.6343589038618966,2.0207214537564417,2.5259018171955523,0.0,1.2629509085977761,0.7216862334844435,2.5259018171955523,2.5259018171955523,0.9472131814483321,1.2629509085977761,0.0,0.0,1.2629509085977761,1.7197629393671843,0.0,2.5259018171955523,0.0,0.0,0.0,0.0,0.8419672723985173,1.2629509085977761,1.2629509085977761,1.2629509085977761,2.5259018171955523,1.478933817604352,1.14224090734806,2.5259018171955523,0.0,2.5259018171955523,0.0,0.5491090906946852,0.0,1.2629509085977761,1.0296597519983666,2.5259018171955523,2.5259018171955523,1,0.0,0.0,1.7681312720368865,0.78934431787361,2.5259018171955523,1.4734427266974053,2.5259018171955523,2.5259018171955523,2.5259018171955523,2.5259018171955523,2.5259018171955523,1.2629509085977761,0.0,1,0.0,0.0,1,2.5259018171955523,0.7216862334844435,0.0,0.6314754542988881,2.5259018171955523,1.8944263628966642,0.0,2.5259018171955523,2.5259018171955523,0.6314754542988881,2.5259018171955523,2.5259018171955523,2.5259018171955523,2.5259018171955523,0.0,2.1049181809962936,0.3608431167422217,1,1.5155410903173312,0.0,1.37776462756121,0.19063409941098508,0.0,0.0,1.2629509085977761,0.0,0.8419672723985174,1.2629509085977761,0.0,0.0,1,2.5259018171955523,0.0,2.5259018171955523,0.4209836361992587,1.6839345447970349,1,0.0,0.16296140756100336,0.0,2.5259018171955523,0.0,2.525901817195552,0.0,1.3250632483648794,2.5259018171955523,0.0,2.5259018171955523,2.5259018171955523,0.28065575746617244,0.0,1.248322133594713,0.0,2.5259018171955523,1,0.0,2.5259018171955523,0.5051803634391104,1,2.5259018171955523,0.0,0.9692969166175748,0.0,1,2.5259018171955523,0.0,1,0.0,0.0,0.903115733522432,0.8419672723985174,1,0.0,2.5259018171955523,0.0,2.0207214537564417,0.0,0.6647110045251452,0.0,0.0,1,1.5155410903173312,1.2629509085977761,0.8419672723985173,0.3608431167422217,1.0518307567127747,1.6073920654880784,1.2629509085977761,1.6839345447970349,1,2.5259018171955523,1.2629509085977761,2.5259018171955523,0.0,1.030157344893977,0.0,2.5259018171955523,2.5259018171955523,1.57868863574722,0.0,0.8971087058553472,1.2629509085977761,0.0,0.6314754542988881,1,1.2629509085977761,0.0,2.015347194570919,0.8419672723985174,0.0,2.5259018171955523,1.2629509085977761,0.0,0.0,0.7109945855809702,1,0.0,0.0,0.6314754542988881,0.8598814696835921,1.0103607268782209,0.8419672723985174,1.0103607268782206,1,0.0,1.2629509085977761,0.0,0.0,0.8419672723985174,0.5051803634391104,0.0,1,1,2.16505870045333,0.0,2.5259018171955523,0.0,2.1049181809962936,1.2629509085977761,0.28065575746617244,2.5259018171955523,1.8944263628966642,2.5259018171955523,2.5259018171955523,0.3788852725793328,0.0,0.7216862334844434,0.28065575746617244,2.5259018171955523,1,0.0,0.0,0.0,0.0,0.0,0.0,2.5259018171955523,0.0,0.0,0.0,2.5259018171955523,0.0,0.8419672723985174,1.8944263628966642,1.2629509085977761,1.3737360760186335,1,1,2.5259018171955523,1.435171487042927,2.5259018171955523,2.5259018171955523,1.2629509085977761,1.2629509085977761,2.5259018171955523,2.5259018171955523,0.0,2.5259018171955523,1.964590302263207,0.18042155837111085,0.8419672723985174,0.0,2.5259018171955523,0.28065575746617244,1,1,0.701639393665431,0.0,0.8419672723985174,2.5259018171955523,2.5259018171955523,2.5259018171955523,1,0.8419672723985174,1.2629509085977761,0.5613115149323449,0.0,0.7306327570400357,0.0,0.0,2.5259018171955523,0.0,0.8419672723985174,0.0,0.0,0.0,1.5155410903173312,1,0.0,1,0.0,1,2.5259018171955523,0.28065575746617244,0.0,1,0.0,1.8944263628966642,0.0,1.0400772188452272,2.5259018171955523,2.5259018171955523,0.17420012532383117,0.0,1.8944263628966642,1.2629509085977761,0.4857503494606831,1,0.0,2.5259018171955523,1,2.5259018171955523,1.480701065252565,2.5259018171955523,0.0,0.0,0.0,1.2629509085977761,0.0,0.0,2.5259018171955523,1.6839345447970346,0.0,0.0,0.0,2.5259018171955523,2.5259018171955523,1.0103607268782209,1,0.5412646751133325,2.5259018171955523,2.5259018171955523,0.0,0.8068853027152456,2.5259018171955523,1,0.0,0.0,1,0.0,1,2.5259018171955523,0.0,1,0.6735738179188139,1.026147613235693,0.0,2.5259018171955523,0.0,0.0,1.6839345447970349,0.0,2.5259018171955523,0.0,0.0,0.0,0.0,0.8196635035932586,0.0,0.9622483113125913,0.9873979830855338,0.0,0.0,0.0,0.0,0.0,1.8944263628966642,0.0,1.2629509085977761,2.5259018171955523,2.5259018171955523,1,1.2629509085977761,0.0,2.5259018171955523,1.0915406332723447,1,0.8419672723985174,0.0,2.5259018171955523,0.0,0.0,0.0,2.5259018171955523,2.5259018171955523,2.2733116354759964,1.57868863574722,2.5259018171955523,0.0,1.4433724669688868,0.0,0.5051803634391104,1.6237940253399976,2.5259018171955523,2.5259018171955523,0.28065575746617244,0.0,0.947213181448332,1,0.0,1.2629509085977761,1.4032787873308623,1.4433724669688868,1.0406337074588417,1.6839345447970349,0.0,1.5155410903173312,2.5259018171955523,0.7529130416640587,2.5259018171955523,2.5259018171955523,2.5259018171955523,0.0,0.5613115149323449,1,0.0,1,0.0,1,1.2629509085977761,0.0,2.5259018171955523,1.533583246154442,0.5051803634391104,0.0,0.0,0.0,0.6314754542988881,0.0,0.0,1.5155410903173312,2.5259018171955523,2.525901817195552,2.5259018171955523,0.0,1.2629509085977761,0.0,2.5259018171955523,2.5259018171955523,2.5259018171955523,0.0,0.4320621529413444,0.0,0.0,0.8419672723985174,1.6237940253399976,1,2.5259018171955523,0.0,0.9472131814483321,1.082529350226665,0.3843763634862796,0.8419672723985174,0.1837019503414947,0.0,0.0,0.0,1.6839345447970349,0.0,2.5259018171955523,2.5259018171955523,1,0.6314754542988881,1.0103607268782209,0.0,0.3608431167422217,1.0103607268782209,0.294688545339481,0.0,2.5259018171955523,2.5259018171955523,0.0,0.0,2.5259018171955523,2.5259018171955523,1.0982181813893703,0.0,0.9745605436423782,0.0,1.2863388883866238,2.5259018171955523,0.8641243058826888,1,1,0.777200559137093,0.6314754542988881,0.0,1.2629509085977761,0.0,2.5259018171955523,0.0,0.6314754542988881,0.4209836361992587,1.3155738631226834,2.0207214537564417,0.6589309088336223,2.5259018171955523,0.0,0.0,0.0,2.5259018171955523,0.0,0.9005389087392837,2.5259018171955523,2.5259018171955523,0.0,2.5259018171955523,2.5259018171955523,2.5259018171955523,1,1.2629509085977761,0.0,1.37776462756121,1.0518307567127747,0.0,0.0,2.5259018171955523,0.9622483113125913,2.040151467734869,1,0.22962743792686838,2.5259018171955523,1.748701258058459,1,2.5259018171955523,0.0,1.2629509085977761,1.5155410903173312,0.6314754542988881,0.0,1.964590302263207,0.0,1,0.44904921194587594,0.0,0.0,1,2.5259018171955523,0.0,1.6839345447970349,1.2629509085977761,1.5155410903173312,1.6839345447970349,1,1,0.6314754542988881,1,1.3372421385152922,0.0,0.0,0.0,1.2629509085977761,2.5259018171955523,1.7110947793905351,1.8319727465374331,0.2886744933937774,1.1438045964659105,1.6839345447970346,0.0,0.0,0.8419672723985174,2.5259018171955523,0.0,0.0,0.8419672723985174,0.8299391685071099,0.0,2.5259018171955523,1,1.57868863574722,0.28703429740858544,1.2629509085977761,0.0,2.5259018171955523,1.2629509085977761,2.273311635475997,0.0,0.0,0.0,0.0,1.2629509085977761,1.0103607268782209,0.0,0.0,2.5259018171955523,2.210164090046108,1,0.0,0.8980984238917518,2.5259018171955523,2.5259018171955523,0.0,2.5259018171955523,2.5259018171955523,1,1.0103607268782209,0.868278749660971,0.0,1.4313443630774791,0.6314754542988881,2.5259018171955523,0.0,1.6839345447970349,0.9472131814483321,1.5155410903173312,1.8944263628966642,0.0,0.5051803634391104,0.0,2.5259018171955523,1.5155410903173312,0.0,2.5259018171955523,0.0,1.8944263628966642,0.6314754542988881,2.5259018171955523,2.5259018171955523,2.5259018171955523,0.0,0.8028968653266603,0.0,2.0207214537564417,0.0,0.0,0.0,2.5259018171955523,0.0,0.5176028313925312,0.0,0.8419672723985174,1,0.0,0.0,0.0,2.5259018171955523,1,2.5259018171955523,0.0,2.5259018171955523,2.5259018171955523,0.0,1,0.0,2.5259018171955523,1.2629509085977761,0.9673666533940412,0.0,0.0,0.0,1.6073920654880784,0.0,2.5259018171955523,0.6495176101359991,0.0,1.262950908597776,2.066646941341815,0.8820609520365419,0.0,2.5259018171955523,1.2629509085977761,2.5259018171955523,2.052295226471386,0.0,0.0,1,0.6314754542988881,1,2.5259018171955523,2.0207214537564417,0.0,0.0,0.0,0.0,0.1485824598350325,0.6912314435803684,1,0.0,0.8419672723985174,1,0.0,0.0,0.0,1,2.5259018171955523,0.0,1.2629509085977761,0.3444411568903025,0.0,2.5259018171955523,0.0,0.3696441683700808,0.8419672723985174,0.6314754542988881,1.6839345447970349,1.2629509085977761,0.9472131814483321,0.0,0.0,1.2629509085977761,1.2629509085977761,2.5259018171955523,0.0,0.0,1,1.082529350226665,0.9418616945474939,1
kendte.dk,www.nbc.com,eas4.emediate.eu,www.goodmanga.net,tupalo.com,m.b.dk,exch-eu.atdmt.com,serve.adyielder.com,www.last.fm,www.fdm.dk,sims.wikia.com,www.animefreak.tv,ad.es.doubleclick.net,m.epn.dk,t.nyheder.dk.msn.com,gamersunite.coolchaser.com,ads.lanistaads.com,danielishoj.dk,forum.lro.com,www.alltforforaldrar.se,ad.dc2.adtech.de,www.an.no,www.holdsport.dk,sundhedsguiden.adservinginternational.com,mail2web.com,www.aabsport.dk,apr.lijit.com,www.rcgalleri.dk,stylecaster.com,d5p.de17a.com,www.mediafire.com,nyhederne.tv2.dk,www.comingsoon.net,www.euroman.dk,banner2.landbrugsavisen.dk,www.hegnar.no,funnie.st,ax-d.pixfuture.net,www.onlymyhealth.com,www.damnlol.com,www.enjoydressup.com,porssi.taloussanomat.fi,www.worldsnooker.com,dindebat.dk,www.campingferie.dk,www.lydogbilde.no,bestofdrawsomething.com,costume.dk,www.ni.dk,www.jubii.dk,www.ranker.com,www.sugarscape.com,www.hundegalleri.dk,dagbladetringskjern.dk,www.boligdebatten.dk,www.liverpoolecho.co.uk,www.danmarkskort.dk,allsp.ch,uk.shopping.com,furesoe.lokalavisen.dk,amaliewessel.dk,www.kattegalleri.dk,news.dk,sermitsiaq.ag,pub.weatherbug.com,www.terve.fi,appleinsider.com,myonlinearcade.com,a.komoona.com,www.mama.dk,www.altfordamerne.dk,www.familiejournal.dk,www.vagabond.se,www.nieuwsblad.be,www.rejseliv.dk,baboon.eniro.dk,b.bilen.dk,amalieancher.dk,www.autobild.de,media.x3711.com,www.sodahead.com,portal.opera.com,list25.com,armorgames.com,football-italia.net,nym1.ib.adnxs.com,footy.dk,whatshouldwecallme.tumblr.com,www.gamefaqs.com,www.mandatory.com,www.girlswithslingshots.com,www.picmonkey.com,soundvenueas.adservinginternational.com,www.spilop.dk,www.biltorvet.dk,photo.net,stateofdecay.wikia.com,helenemoeller.bloggersdelight.dk,allrecovering.com,www.madogbolig.dk,spilskyen.tv2.dk,voresborn.dk,passionsforfashion.dk,bannerfactory.bilzonen.dk,lenovo.dk.msn.com,www.iltasanomat.fi,ligabold.dk,ad.de.doubleclick.net,coinmill.com,www.thebikelist.co.uk,svenskanamn.alltforforaldrar.se,www.1881.no,openx.dailyrush.dk,evak.dk,www.ob.dk,www.formspring.me,www.ratebeer.com,beep.tv2.dk,magazine.trendsales.dk,apartmentholstebro.bloggersdelight.dk,mainia.bloggersdelight.dk,sarahlouise.dk,www.agf.dk,bt.brise.dk,gaffa.dk,sportal.spiegel.de,www.in.dk,ameblo.jp,biler.dba.dk,www.mascus.dk,smagsloejer.dk,www.weightgainers.net,t.lenovo13-comm.dk.msn.com,www.blick.ch,automobile.de,dreammoods.com,s-u-s.dk,denkorteavis.dk,ads.pubmatic.com,ads.adcloud.net,www.filehippo.com,samvirke.dk,www.tripadvisor.dk,packardbell.dk.msn.com,www.pricerunner.dk,solmail.redhost.dk,m.bt.dk,data.tbc.tetrisfb.com,digimon.wikia.com,www.cokeandpopcorn.ch,www.prozeny.cz,www.retardo.dk,www.bilbasen.dk,secure.adnxs.com,www.udeoghjemme.dk,admention.adspirit.de,dkira.com,www.festabc.dk,www.itwire.com,www.sydsverige.dk,www.lofotposten.no,www.hjemmet.dk,www.discogs.com,hp-comm.dk.msn.com,www.zoover.dk,makeovr.com,ad.doubleclick.net,altomboern.dk,z13.invisionfree.com,www.google.dk,m.sporten.dk,b.jads.dk,hp.dk.msn.com,jyskemedier.adservinginternational.com,uk-ads.openx.net,www.lauritz.com,livsstil.dk.msn.com,guide.lokalavisen.dk,idachristin.blogg.no,madzilla.blogg.no,ox-social.bidsystem.com,www.sjovforbornpaaferie.dk,www.boliga.dk,www.doodle.com,www.finn.no,t.dk.msn.com,hbl.fi,www.dbu.dk,grp09.ias.rakuten.co.jp,www.dk-kogebogen.dk,start.lenovo.com,www.evo.co.uk,www.sho.dk,frederikssund.lokalavisen.dk,ad1.emediate.dk,m.jyllands-posten.dk,www74.hattrick.org,danskespil.holdet.dk,lax1.ib.adnxs.com,frk.gamib.net,customerservice.boligportal.dk,dk.jobrapido.com,onside.dk,fcbarcelona.dk,www.ovguide.com,ad.wingads.com,t.toshiba13.dk.msn.com,www.examiner.com,robinandersen.bloggersdelight.dk,www.sommerferie.nu,finans.tv2.dk,login.tv2.dk,www.arto.com,web.de,jyllands-posten.dk,politiken.dk,www.interdidactica.com,www.rejseavisen.dk,www.lastbilgalleri.dk,www.listentoyoutube.com,www.idenyt.dk,bankinfo.dk,t.lenovo13.dk.msn.com,ams1.ib.adnxs.com,www.huntersmagazine.dk,www.wowwiki.com,www.hitta.se,ad-apac.doubleclick.net,reseguiden.expressen.se,tag.admeld.com,www.skyscanner.dk,tabs.ultimate-guitar.com,ox-d.bold.dk,dev.bukkit.org,amarorama.dk,testdigselv.dk.msn.com,crm.digitalchocolate.com,mmm.dk,www.indkast.dk,knockoffdecor.com,alt.mail.aol.com,www.prisguide.no,klaraholm.dk,www.oestrogen.dk,m2.feiwei.tv,mail.sol.dk,www.yepi.com,missjeanett.dk,digitalt.tv,feltet.dk,www.girlfriend.dk,esbjerg.lokalavisen.dk,ohsheglows.com,www.spismed.net,dyr.dba.dk,media.gamehouse.com,www94.hattrick.org,mobil.bold.dk,personensuche2.dastelefonbuch.de,dagbladet-holstebro-struer.dk,maschavang.dk,www.adressa.no,dk.worldsbiggestchat.com,linkguider.jubii.dk,acer.dk.msn.com,www.viunge.dk,silaskieffer.dk,dath.bloggersdelight.dk,www.novinky.cz,www.blesk.cz,blogs.bt.dk,toshiba.dk.msn.com,www.mobilmania.cz,as.webmd.com,www.wayn.com,www.winamp.com,www.rizap.com,www.pikstra.com,adcast.deviantart.com,kizi.com,columbine.freshnet.com,rockpaperdresses.com,www.heste-nettet.dk,www.brigitte.de,aller.adservinginternational.com,julieboewig.bloggersdelight.dk,www.computerworld.dk,lavishlavish.com,ekstrabladet.dk,www93.hattrick.org,vildekaniner.dk,lolzbook.com,roskilde.lokalavisen.dk,www.hestegalleri.dk,t.livsstil.dk.msn.com,www.b.dk,www.h-avis.no,www.aceshowbiz.com,www.bilekspressen.dk,google.tv2.dk,www.damnyouautocorrect.com,pudderdaaserne.dk,www.vice.com,www.lav-det-selv.dk,mitunivers.oestrogen.dk,www.dba.dk,www.fashionmodeldirectory.com,www.poloniainfo.dk,beta.aftenposten.no,gastromand.dk,glee.wikia.com,www.gd.no,til-boern.dba.dk,www.degulesider.dk,www.gastro.dk,ppbspil.tv2.dk,www.coolrom.com,phosee.dk,gofugyourself.com,www.virtualmanager.com,h-avis.no,gratisspil.dk,msi.dk.msn.com,lones.blog.idenyt.net,www.madridista.dk,us-ads.openx.net,hoersholm.lokalavisen.dk,optimized-by.rubiconproject.com,www.disney.dk,www.bt.dk,ferieliv.dk,www.hemnet.se,static.mbl.is,www.bilgalleri.dk,www.bytbil.com,www.travelstart.dk,www.wgt.com,lineandree.dk,eas8.emediate.eu,adserver.adtechus.com,ad.uk.doubleclick.net,www.meetme.com,www.golf.dk,firma.eniro.dk,view.atdmt.com,alatest.dk,www.authorstream.com,acer13.dk.msn.com,www.machineryzone.se,hilleroed.lokalavisen.dk,www.cosmopolitan.co.uk,www.euroinvestor.dk,opskrifter.dk,www.kultunaut.dk,freerice.com,loudwire.com,www.rb.no,horoskoper.dk.msn.com,entertainment.dk.msn.com,www.123spill.no,www.amazingembroiderydesigns.com,www.dooyoo.de,t.hp13.dk.msn.com,www.sol.dk,rad.msn.com,www.clubmetroxpress.dk,dk.gmads.net,www.myfitnesspal.com,bringiton.bloggersdelight.dk,galleri.tv2.dk,exch-e.atdmt.com,emmasilke.dk,www.rumid.dk,dell.dk.msn.com,www.pizap.com,casalicious.dk,www.automotorsport.se,a.indkast.dk,gentofte.lokalavisen.dk,da.vaabenbroedre.wikia.com,www.newmarathi.com,tipsbladet.dk,goerdetselv.dk,bornibyen.dk,www.cheatcc.com,impr.adservicemedia.dk,www.pgatour.com,feber.se,www.findeopskrifter.dk,adsby.klikki.com,dinsalgsvagt.adservinginternational.com,www.elle.dk,www.baboom.dk,www.iltalehti.fi,carolineevigglad.com,mobile.woman.dk,emilysalomon.dk,t.samsung13.dk.msn.com,fodbold.aabsport.dk,doodle.com,hitman.wikia.com,www.wunderground.com,filmehd.net,roflzone.com,heltnormalt.dk,www.paleo-opskrifter.dk,www.da-ads.com,finans.borsen.dk,e24.no,aka-cdn-ns.adtech.de,www.tattoojohnny.com,www.dressupgal.com,www.magacin.dk,ad-emea.doubleclick.net,www.independent.ie,www.alleannoncer.dk,www.amino.dk,www.123kort.dk,de.msn.com,www.memearcade.com,hespress.com,elderscrolls.wikia.com,www.flatpanels.dk,www.femina.dk,bloggar.aftonbladet.se,answerology.seventeen.com,www.amazingribs.com,www.aftonbladet.se,hyggestedet.dk,lolzland.com,map.krak.dk,tb.no,www.thesun.co.uk,www.ilfattoquotidiano.it,www.tvrage.com,nielskrause.blogs.berlingske.dk,bilweb.se,www.dn.se,www.gladespil.dk,go.tv2.dk,www.merriam-webster.com,www.rejseplanen.dk,t.asus13.dk.msn.com,spil.tv2.dk,irinathediva.dk,www1.skysports.com,foto.samvirke.dk,adserv.quality-channel.de,www.bygg.no,farmerama.tv2.dk,ams1.mobile.adnxs.com,www.liverpool.no,programmer.tv2.dk,abcnews.go.com,viskalspise.dk,www.nordjyske.dk,viborg-folkeblad.dk,www.fitliving.dk,modemedmere.dk,www.seat24.dk,annesophia.blogs.berlingske.dk,komputer.dk,da.netlog.com,www.avisen.dk,ads.codecall.net,www.epn.dk,www.billedbladet.dk,www.vidbox.eu,www.blocket.se,holdsport.dk,www.billetlugen.dk,www.realmaeglerne.dk,cdn.f4.net,www.booli.se,www.juventus.dk,www.rlslog.net,sporten.tv2.dk,www.eurogamer.dk,www.bhg.com,www.allfreecrochet.com,fotoquiz.dk.msn.com,www.ligabold.dk,pernilleagerup.dk,isabellathordsen.dk,zoom-online.dk,i.vemba.com,www.eyeonspain.com,www.pricerunner.se,woview.infomedia.dk,www.fixya.com,www.outcamp.dk,showads.pubmatic.com,www.moviefone.com,iform.dk,www.visitstockholm.com,xplayn.com,media.glispa.com,kalender.idenyt.net,www.newsnow.co.uk,www.minecraftwiki.net,www.hbold.dk,www.depechemode.de,g1.globo.com,cutecarbs.com,smurfs.wikia.com,www.mail.com,www.dummies.com,www.ancientfaces.com,secure-ams.adnxs.com,sondagsavisen.dk,www.hotnewhiphop.com,www.filipinocupid.com,amtsavisen.dk,kryty-mobily.heureka.cz,www.hardwareonline.dk,www.mobil.se,www.wattpad.com,www.sol.no,mittkok.expressen.se,dinmat.no,www.stardoll.com,vejret.tv2.dk,dungeonbusters.com,sjaellandske.adservinginternational.com,fynskemedieradmin.adservinginternational.com,www.dailyhiit.com,clubmetroxpress.dk,www.taaz.com,www.accuweather.com,www.girlgames.com,mb.zam.com,blogs.min-mave.dk,www.bolius.dk,www.smp.no,www.spilleland.com,varde.lokalavisen.dk,emea-bidder.mathtag.com,www.nyheder365.dk,www.tasteline.com,afe2.specificclick.net,fierceogfattig.dk,www.flybillet.dk,statigr.am,pagik.dk,forum.oestrogen.dk,exch-w.atdmt.com,www1.dlinksearch.com,en.bab.la,life.time.com,epn.dk,www.nasdaqomxnordic.com,www.odsgard.dk,www.vk.se,eas.information.dk,cdn.buzznet.com,s.atemda.com,www.vg.no,sport.sme.sk,www.runningshoesguru.com,www.maduniverset.dk,www.eurowoman.dk,adserver.adtech.de,itsmemelanie.dk,www.quotev.com,www.geocaching.com,suchen.mobile.de,pubads.g.doubleclick.net,dk.msn.com,bil-sitet.dk,www.boligliv.dk,mobil.nu,www.proff.dk,www.aok.dk,www92.hattrick.org,translate.googleusercontent.com,flatpanels.dk,ad.dk.doubleclick.net,kort.degulesider.dk,www.bestbuys.com,johannekohlmetz.dk,de.shopping.com,www.ruteplan.dk,adclient.uimserv.net,illvid.dk,sillewho.dk,blogs.jp.dk,ads.creative-serving.com,www.komogvind.dk,www.tetrisfriends.com,www.vejrcentral.dk,sony.dk.msn.com,www.travelmarket.dk,samsung.dk.msn.com,theinspirationroom.com,www.dn.no,www.dbufyn.dk,www.tagged.com,alleroed.lokalavisen.dk,fashionbyfrium.com,emachines.dk.msn.com,www.urbandictionary.com,oldtrafford.dk,www.chess.com,www.edbpriser.dk,www.caraworld.de,zynga2-a.akamaihd.net,investor.borsen.dk,www.marktplaats.nl,lokalavisen.dk,kanalsport.dk,www.gizmag.com,planer.search.ch,nemesisbabe.dk,retardo.dk,fri.tv2.dk,tvtid.tv2.dk,t.acer13.dk.msn.com,woman.dk,www.scootergalleri.dk,www.instructables.com,www.goodreads.com,www.startsiden.no,fielaursen.dk,www.motorcykelgalleri.dk,www.narutoget.com,www.modhoster.de,www.supersaver.dk,www.nickelodeon.dk,www.scribd.com,tinamarias.com,googleads.g.doubleclick.net,www.min-mave.dk,pelikone.fi,www.cheezburger.com,www.ohgizmo.com,www.glomdalen.no,www.veria.com,www.goal.com,www.fcbarcelona.dk,www.gratisspil.dk,www.aftenbladet.no,ib.adnxs.com,bovision.se,nm.adservinginternational.com,www.football-italia.net,m.adnxs.com,failblog.cheezburger.com,crtl.aimatch.com,asus.dk.msn.com,stiften.dk,www.babynames.com,perezhilton.com,filehippo.com,t.asus.dk.msn.com,annavattenkannastradgard.blogspot.dk,www.soendag.dk,da.bab.la,www.business.dk,www.phosee.dk,www.q.dk,www.godhumor.dk,www.fanfiction.net,www.lfgcomic.com,www.website-unavailable.com,lawnandgarden.manualsonline.com,bsa.adsrv.us,anet.tradedoubler.com,at.atwola.com,dlisted.com,natgeo.dk,xn--forklelsessr-3cb2x.dk,www.tineye.com,www.eksperten.dk,www.seventeen.com,unimedia.adservinginternational.com,www.games.com,connexity.net,www.dmi.dk,www.ox.popcap.com,sport-og-fritid.dba.dk,www.ehow.com,person.eniro.dk,borsen.dk,www.jyllands-posten.dk,ox-delivery.propelcom.dk,beta.dmi.dk,www.mobilescandinavia.dk,www.valuta.se,facebook2.poker.zynga.com,netnatur.dk,www.travellink.dk,download.cnet.com,t.entertainment.dk.msn.com,www.spigo.dk,bt.holdet.dk,www.allfreeknitting.com,www.mmo-champion.com,www.netdoktor.dk,medion.dk.msn.com,www.magasinetmad.dk,tel.search.ch,ad.360yield.com,www.klikk.no,www.jaegerforbundet.dk,www.playhub.com,penge.dk,www.inv.dk,last-gunfighter.livejournal.com,mizzepii.bloggersdelight.dk,www.metrolyrics.com,www.zimbio.com,ni.dk,rya.rockyou.com,www.192.com,spil.bt.dk,louises.blog.idenyt.net,odds1.dk,www.bold.dk,www.sporten.dk,www.sjovforborn.dk,nymail.jubii.dk,www.holdet.dk,ugens7dage.bloggersdelight.dk,www.allcdcovers.com,www.dailymail.co.uk,newz.dk,www.kigind.com,ox-d.gamerpublishing.com,dk-kogebogen.dk,ad.yieldmanager.com,rockongags.com,iranproud.com,www.nettavisen.no,www.hyggestedet.dk,www.trendsales.dk,nyheder.dk.msn.com,www.barnsemester.se,www1.watchop.com,compaq.dk.msn.com,ing.dk,www.wtfshots.com,blogbysandra.dk,ad.mangareader.net,test.ekstrabladet.dk,www.bbc.co.uk,www.tvguide.dk,www.brainyquote.com,blogg.no,download.dk.msn.com,digitalfoto.dk,wewonder.dk,www.stream.cz,e2.emediate.se,www.suzuki-forums.com,fitness.manualsonline.com,compat.tyda.se,www.playpink.com,film.wp.pl,c9.w3hoster.de,ttv.tv2.dk,www.krak.dk,www.spili.dk,anetdk.tradedoubler.com,www.tradera.com,www.lostiempos.com,statcounter.com,forum.xda-developers.com,www.seoghoer.dk,www.tv2.no,taahyler.dk,www.usmagazine.com,www.roblox.com,www.boligone.dk,house-of-cards.wikia.com,soeg.jubii.dk,www.tupalo.dk,www.dbujylland.dk,www.leasticoulddo.com,www.viviro.com,www.video2mp3.net,www.klassisk.org,www.marinetraffic.com,www.soundcheck.dk,slankedoktor.dk,tv2.dk,doma.nova.cz,www.guardian.co.uk,www.huffingtonpost.com,www.floridakeyswebcams.tv,www.isabellas.dk,www.fdmbenzinpriser.dk,www.prisjakt.no,www.kino.dk,www.ad.nl,www.expressen.se,www.mylifetime.com,brashna.dk,weheartit.com,banner1.danske-it-eksperter.dk,www.tenmanga.com,windows-media-player.ine-hn.org,www.justjared.com,fuglemarkedet.dk,fredensborg.lokalavisen.dk,www.afrointroductions.com,fullonsms.com,makogon-6.livejournal.com,www.gooddrama.net,www.bilzonen.dk,indkast.dk,www.endomondo.com,9gag.com,www.newyorkerbyheart.com,www.x17online.com,www.feltet.dk,www.veterinaren.nu,www.solfaktor.no,www.boligsiden.dk,tv3.dk,www.mx.dk,www.tipsbladet.dk,jv.adservinginternational.com,fotballfrue.no,www.pluska.sk,www.askmrrobot.com,www.boyfriend.dk,www.recordere.dk,csi.wikia.com,andtheblack.dk,flightrising.com,vejret.dk.msn.com,www.gamesbox.com,www.proinvestor.com,www.dagbladet.no,www.gogoanime.com,www.rebootwithjoe.com,puzzledhearts.com,mylifeaseif.bloggersdelight.dk,www.hendesverden.dk,facebook.com,ask.fm,scooter.dba.dk,www.retrevo.com,srv.juiceadv.net,www.sidereel.com,www.momondo.dk,www.netsundhedsplejerske.dk,news.cnet.com,mangafox.me,www.stayfriends.se,www.metacafe.com,watagame.adservinginternational.com,www.svd.se,www.morethanaclub.dk,kidstour.isobar.dk,www.fitnessworld.dk,www.boligportal.dk,www.hot.dk,m.business.dk,brondby.com,www.studieportalen.dk,www.ryanair.com,www.jetcost.dk,vejret.dk,newsbreak.dk,www.rallye-magazin.de,www.super.cz,www.vildmedmad.dk,www.traktorgalleri.dk,x2.vindicosuite.com,www.valutakurser.dk,www.mangahit.com
0.28065575746617244,0.0,0.8419672723985173,2.5259018171955523,2.5259018171955523,0.0,0.883349406769711,0.5051803634391104,0.0,1.2222105567075252,0.0,0.0,1.0103607268782209,2.5259018171955523,2.5259018171955523,0.0,0.21049181809962936,0.0,1,0.0,0.0,2.5259018171955523,1.5155410903173312,0.5051803634391104,2.5259018171955523,2.5259018171955523,0.4209836361992587,0.0,0.0,0.9385864675917898,2.5259018171955523,0.9021077918555542,2.5259018171955523,1.37776462756121,1.2629509085977761,1.6839345447970349,0.0,2.5259018171955523,2.5259018171955523,2.5259018171955523,1,1,1,0.39882660271508713,1,2.5259018171955523,0.0,0.0,1.3631851076928374,1.0509226538696823,2.5259018171955523,0.0,0.297164919670065,1.1481371896343417,1.2629509085977761,2.5259018171955523,2.5259018171955523,2.5259018171955523,2.5259018171955523,2.5259018171955523,0.0,0.0,1.3601009784899125,0.0,2.5259018171955523,0.0,1,0.0,0.0,0.0,0.11886596786802597,0.20207214537564416,0.0,2.5259018171955523,0.7577705451586656,1.2629509085977761,1,0.0,1,0.0,0.0,2.5259018171955523,1,0.0,1,0.9185097517074735,0.0,0.0,0.0,2.5259018171955523,0.0,0.0,0.5613115149323449,0.5051803634391104,1.8944263628966638,2.5259018171955523,1,0.0,0.0,0.0,0.6014051945703696,0.0,0.688882313780605,1.653317553073452,0.5051803634391104,0.0,1.6839345447970349,2.5259018171955523,0.0,0.0,1.2629509085977761,0.0,0.8419672723985174,0.0,2.0207214537564417,0.7216862334844434,1,1.262950908597776,0.45925487585373675,0.0,1,0.18042155837111085,2.5259018171955523,0.0,1.7681312720368865,0.0,0.0,2.5259018171955523,2.5259018171955523,1.6839345447970349,2.5259018171955523,2.5259018171955523,0.0,1,1,1,0.0,1.2629509085977761,1.2629509085977761,2.5259018171955523,1.2629509085977761,0.4952748661167749,2.5259018171955523,0.5613115149323449,0.960138117647432,2.5259018171955523,1.2629509085977761,0.5613115149323449,0.0,0.0,0.0,2.0207214537564417,1.593723765611479,0.8082885815025767,0.3608431167422217,2.5259018171955523,0.0,1.2629509085977761,0.0,1.082529350226665,0.0,0.0,1,2.5259018171955523,1.0103607268782209,0.0,0.7626384501596849,0.21049181809962936,0.0,1,2.5259018171955523,0.8720375321270358,0.7429122991751623,1.2629509085977761,0.9472131814483321,1.2360796126701636,0.6062164361269325,0.0,0.0,1,0.0,0.22962743792686838,0.8927756422846348,0.0,1.6839345447970349,0.688882313780605,0.0,1.2629509085977761,2.5259018171955523,0.6343589038618966,2.0207214537564417,2.5259018171955523,0.0,1.2629509085977761,0.7216862334844435,2.5259018171955523,2.5259018171955523,0.9472131814483321,1.2629509085977761,0.0,0.0,1.2629509085977761,1.7197629393671843,0.0,2.5259018171955523,0.0,0.0,0.0,0.0,0.8419672723985173,1.2629509085977761,1.2629509085977761,1.2629509085977761,2.5259018171955523,1.478933817604352,1.14224090734806,2.5259018171955523,0.0,2.5259018171955523,0.0,0.5491090906946852,0.0,1.2629509085977761,1.0296597519983666,2.5259018171955523,2.5259018171955523,1,0.0,0.0,1.7681312720368865,0.78934431787361,2.5259018171955523,1.4734427266974053,2.5259018171955523,2.5259018171955523,2.5259018171955523,2.5259018171955523,2.5259018171955523,1.2629509085977761,0.0,1,0.0,0.0,1,2.5259018171955523,0.7216862334844435,0.0,0.6314754542988881,2.5259018171955523,1.8944263628966642,0.0,2.5259018171955523,2.5259018171955523,0.6314754542988881,2.5259018171955523,2.5259018171955523,2.5259018171955523,2.5259018171955523,0.0,2.1049181809962936,0.3608431167422217,1,1.5155410903173312,0.0,1.37776462756121,0.19063409941098508,0.0,0.0,1.2629509085977761,0.0,0.8419672723985174,1.2629509085977761,0.0,0.0,1,2.5259018171955523,0.0,2.5259018171955523,0.4209836361992587,1.6839345447970349,1,0.0,0.16296140756100336,0.0,2.5259018171955523,0.0,2.525901817195552,0.0,1.3250632483648794,2.5259018171955523,0.0,2.5259018171955523,2.5259018171955523,0.28065575746617244,0.0,1.248322133594713,0.0,2.5259018171955523,1,0.0,2.5259018171955523,0.5051803634391104,1,2.5259018171955523,0.0,0.9692969166175748,0.0,1,2.5259018171955523,0.0,1,0.0,0.0,0.903115733522432,0.8419672723985174,1,0.0,2.5259018171955523,0.0,2.0207214537564417,0.0,0.6647110045251452,0.0,0.0,1,1.5155410903173312,1.2629509085977761,0.8419672723985173,0.3608431167422217,1.0518307567127747,1.6073920654880784,1.2629509085977761,1.6839345447970349,1,2.5259018171955523,1.2629509085977761,2.5259018171955523,0.0,1.030157344893977,0.0,2.5259018171955523,2.5259018171955523,1.57868863574722,0.0,0.8971087058553472,1.2629509085977761,0.0,0.6314754542988881,1,1.2629509085977761,0.0,2.015347194570919,0.8419672723985174,0.0,2.5259018171955523,1.2629509085977761,0.0,0.0,0.7109945855809702,1,0.0,0.0,0.6314754542988881,0.8598814696835921,1.0103607268782209,0.8419672723985174,1.0103607268782206,1,0.0,1.2629509085977761,0.0,0.0,0.8419672723985174,0.5051803634391104,0.0,1,1,2.16505870045333,0.0,2.5259018171955523,0.0,2.1049181809962936,1.2629509085977761,0.28065575746617244,2.5259018171955523,1.8944263628966642,2.5259018171955523,2.5259018171955523,0.3788852725793328,0.0,0.7216862334844434,0.28065575746617244,2.5259018171955523,1,0.0,0.0,0.0,0.0,0.0,0.0,2.5259018171955523,0.0,0.0,0.0,2.5259018171955523,0.0,0.8419672723985174,1.8944263628966642,1.2629509085977761,1.3737360760186335,1,1,2.5259018171955523,1.435171487042927,2.5259018171955523,2.5259018171955523,1.2629509085977761,1.2629509085977761,2.5259018171955523,2.5259018171955523,0.0,2.5259018171955523,1.964590302263207,0.18042155837111085,0.8419672723985174,0.0,2.5259018171955523,0.28065575746617244,1,1,0.701639393665431,0.0,0.8419672723985174,2.5259018171955523,2.5259018171955523,2.5259018171955523,1,0.8419672723985174,1.2629509085977761,0.5613115149323449,0.0,0.7306327570400357,0.0,0.0,2.5259018171955523,0.0,0.8419672723985174,0.0,0.0,0.0,1.5155410903173312,1,0.0,1,0.0,1,2.5259018171955523,0.28065575746617244,0.0,1,0.0,1.8944263628966642,0.0,1.0400772188452272,2.5259018171955523,2.5259018171955523,0.17420012532383117,0.0,1.8944263628966642,1.2629509085977761,0.4857503494606831,1,0.0,2.5259018171955523,1,2.5259018171955523,1.480701065252565,2.5259018171955523,0.0,0.0,0.0,1.2629509085977761,0.0,0.0,2.5259018171955523,1.6839345447970346,0.0,0.0,0.0,2.5259018171955523,2.5259018171955523,1.0103607268782209,1,0.5412646751133325,2.5259018171955523,2.5259018171955523,0.0,0.8068853027152456,2.5259018171955523,1,0.0,0.0,1,0.0,1,2.5259018171955523,0.0,1,0.6735738179188139,1.026147613235693,0.0,2.5259018171955523,0.0,0.0,1.6839345447970349,0.0,2.5259018171955523,0.0,0.0,0.0,0.0,0.8196635035932586,0.0,0.9622483113125913,0.9873979830855338,0.0,0.0,0.0,0.0,0.0,1.8944263628966642,0.0,1.2629509085977761,2.5259018171955523,2.5259018171955523,1,1.2629509085977761,0.0,2.5259018171955523,1.0915406332723447,1,0.8419672723985174,0.0,2.5259018171955523,0.0,0.0,0.0,2.5259018171955523,2.5259018171955523,2.2733116354759964,1.57868863574722,2.5259018171955523,0.0,1.4433724669688868,0.0,0.5051803634391104,1.6237940253399976,2.5259018171955523,2.5259018171955523,0.28065575746617244,0.0,0.947213181448332,1,0.0,1.2629509085977761,1.4032787873308623,1.4433724669688868,1.0406337074588417,1.6839345447970349,0.0,1.5155410903173312,2.5259018171955523,0.7529130416640587,2.5259018171955523,2.5259018171955523,2.5259018171955523,0.0,0.5613115149323449,1,0.0,1,0.0,1,1.2629509085977761,0.0,2.5259018171955523,1.533583246154442,0.5051803634391104,0.0,0.0,0.0,0.6314754542988881,0.0,0.0,1.5155410903173312,2.5259018171955523,2.525901817195552,2.5259018171955523,0.0,1.2629509085977761,0.0,2.5259018171955523,2.5259018171955523,2.5259018171955523,0.0,0.4320621529413444,0.0,0.0,0.8419672723985174,1.6237940253399976,1,2.5259018171955523,0.0,0.9472131814483321,1.082529350226665,0.3843763634862796,0.8419672723985174,0.1837019503414947,0.0,0.0,0.0,1.6839345447970349,0.0,2.5259018171955523,2.5259018171955523,1,0.6314754542988881,1.0103607268782209,0.0,0.3608431167422217,1.0103607268782209,0.294688545339481,0.0,2.5259018171955523,2.5259018171955523,0.0,0.0,2.5259018171955523,2.5259018171955523,1.0982181813893703,0.0,0.9745605436423782,0.0,1.2863388883866238,2.5259018171955523,0.8641243058826888,1,1,0.777200559137093,0.6314754542988881,0.0,1.2629509085977761,0.0,2.5259018171955523,0.0,0.6314754542988881,0.4209836361992587,1.3155738631226834,2.0207214537564417,0.6589309088336223,2.5259018171955523,0.0,0.0,0.0,2.5259018171955523,0.0,0.9005389087392837,2.5259018171955523,2.5259018171955523,0.0,2.5259018171955523,2.5259018171955523,2.5259018171955523,1,1.2629509085977761,0.0,1.37776462756121,1.0518307567127747,0.0,0.0,2.5259018171955523,0.9622483113125913,2.040151467734869,1,0.22962743792686838,2.5259018171955523,1.748701258058459,1,2.5259018171955523,0.0,1.2629509085977761,1.5155410903173312,0.6314754542988881,0.0,1.964590302263207,0.0,1,0.44904921194587594,0.0,0.0,1,2.5259018171955523,0.0,1.6839345447970349,1.2629509085977761,1.5155410903173312,1.6839345447970349,1,1,0.6314754542988881,1,1.3372421385152922,0.0,0.0,0.0,1.2629509085977761,2.5259018171955523,1.7110947793905351,1.8319727465374331,0.2886744933937774,1.1438045964659105,1.6839345447970346,0.0,0.0,0.8419672723985174,2.5259018171955523,0.0,0.0,0.8419672723985174,0.8299391685071099,0.0,2.5259018171955523,1,1.57868863574722,0.28703429740858544,1.2629509085977761,0.0,2.5259018171955523,1.2629509085977761,2.273311635475997,0.0,0.0,0.0,0.0,1.2629509085977761,1.0103607268782209,0.0,0.0,2.5259018171955523,2.210164090046108,1,0.0,0.8980984238917518,2.5259018171955523,2.5259018171955523,0.0,2.5259018171955523,2.5259018171955523,1,1.0103607268782209,0.868278749660971,0.0,1.4313443630774791,0.6314754542988881,2.5259018171955523,0.0,1.6839345447970349,0.9472131814483321,1.5155410903173312,1.8944263628966642,0.0,0.5051803634391104,0.0,2.5259018171955523,1.5155410903173312,0.0,2.5259018171955523,0.0,1.8944263628966642,0.6314754542988881,2.5259018171955523,2.5259018171955523,2.5259018171955523,0.0,0.8028968653266603,0.0,2.0207214537564417,0.0,0.0,0.0,2.5259018171955523,0.0,0.5176028313925312,0.0,0.8419672723985174,1,0.0,0.0,0.0,2.5259018171955523,1,2.5259018171955523,0.0,2.5259018171955523,2.5259018171955523,0.0,1,0.0,2.5259018171955523,1.2629509085977761,0.9673666533940412,0.0,0.0,0.0,1.6073920654880784,0.0,2.5259018171955523,0.6495176101359991,0.0,1.262950908597776,2.066646941341815,0.8820609520365419,0.0,2.5259018171955523,1.2629509085977761,2.5259018171955523,2.052295226471386,0.0,0.0,1,0.6314754542988881,1,2.5259018171955523,2.0207214537564417,0.0,0.0,0.0,0.0,0.1485824598350325,0.6912314435803684,1,0.0,0.8419672723985174,1,0.0,0.0,0.0,1,2.5259018171955523,0.0,1.2629509085977761,0.3444411568903025,0.0,2.5259018171955523,0.0,0.3696441683700808,0.8419672723985174,0.6314754542988881,1.6839345447970349,1.2629509085977761,0.9472131814483321,0.0,0.0,1.2629509085977761,1.2629509085977761,2.5259018171955523,0.0,0.0,1,1.082529350226665,0.9418616945474939,1
